request_id,opened_date,district,service_type,channel,priority,target_hours,resolution_hours,status,outcome,satisfaction
SR-00049,2025-01-01,Central,Roads,Web,Urgent,120,134.2,Completed,Late,2.0
SR-00135,2025-01-01,East,Roads,Mobile app,Routine,120,176.1,Completed,Late,2.0
SR-00226,2025-01-01,Central,Waste,Mobile app,Critical,48,8.4,Completed,On time,4.0
SR-00263,2025-01-01,Central,Water,Mobile app,Urgent,36,58.7,Completed,Late,4.0
SR-00274,2025-01-01,North,Water,Mobile app,Critical,36,44.3,Completed,Late,3.0
SR-00293,2025-01-01,West,Water,Mobile app,Urgent,36,16.1,Completed,On time,4.0
SR-00956,2025-01-01,North,Roads,Mobile app,Routine,120,137.8,Completed,Late,3.0
SR-01408,2025-01-01,Central,Waste,Walk-in,Urgent,48,30.2,Completed,On time,5.0
SR-01532,2025-01-01,North,Lighting,Phone,Routine,72,44.0,Completed,On time,3.0
SR-02111,2025-01-01,Central,Water,Phone,Critical,36,7.4,Completed,On time,5.0
SR-02372,2025-01-01,East,Waste,Phone,Routine,48,33.7,Completed,On time,5.0
SR-00134,2025-01-02,South,Water,Web,Routine,36,30.4,Completed,On time,4.0
SR-00280,2025-01-02,Central,Roads,Walk-in,Routine,120,157.4,Completed,Late,3.0
SR-01074,2025-01-02,Central,Waste,Mobile app,Routine,48,26.6,Completed,On time,4.0
SR-01115,2025-01-02,Central,Waste,Mobile app,Routine,48,41.4,Completed,On time,4.0
SR-01708,2025-01-02,East,Waste,Web,Urgent,48,25.0,Completed,On time,4.0
SR-02189,2025-01-02,West,Roads,Mobile app,Routine,120,56.8,Completed,On time,5.0
SR-00248,2025-01-03,South,Lighting,Phone,Routine,72,105.9,Completed,Late,3.0
SR-00429,2025-01-03,South,Lighting,Phone,Critical,72,17.5,Completed,On time,5.0
SR-00799,2025-01-03,South,Roads,Phone,Routine,120,125.6,Completed,Late,3.0
SR-01901,2025-01-03,Central,Roads,Phone,Routine,120,178.6,Completed,Late,2.0
SR-01312,2025-01-04,South,Water,Phone,Routine,36,21.7,Completed,On time,4.0
SR-02009,2025-01-04,South,Waste,Mobile app,Routine,48,69.0,Completed,Late,3.0
SR-00158,2025-01-05,East,Roads,Mobile app,Routine,120,140.3,Completed,Late,4.0
SR-00291,2025-01-05,South,Lighting,Web,Routine,72,89.1,Completed,Late,3.0
SR-00416,2025-01-05,East,Roads,Mobile app,Routine,120,114.3,Completed,On time,4.0
SR-00712,2025-01-05,West,Water,Phone,Routine,36,43.3,Completed,Late,3.0
SR-00854,2025-01-05,Central,Lighting,Mobile app,Urgent,72,29.2,Completed,On time,5.0
SR-01185,2025-01-05,East,Water,Web,Routine,36,55.2,Completed,Late,4.0
SR-01691,2025-01-05,North,Lighting,Web,Critical,72,22.1,Completed,On time,5.0
SR-02001,2025-01-05,Central,Lighting,Phone,Routine,72,107.8,Completed,Late,4.0
SR-02126,2025-01-05,East,Roads,Mobile app,Routine,120,89.9,Completed,On time,4.0
SR-02169,2025-01-05,North,Waste,Mobile app,Routine,48,34.5,Completed,On time,4.0
SR-02251,2025-01-05,North,Lighting,Mobile app,Routine,72,50.2,Completed,On time,4.0
SR-00051,2025-01-06,North,Waste,Phone,Routine,48,36.5,Completed,On time,4.0
SR-00221,2025-01-06,Central,Roads,Walk-in,Routine,120,104.6,Completed,On time,3.0
SR-00384,2025-01-06,South,Waste,Mobile app,Routine,48,74.8,Completed,Late,4.0
SR-01784,2025-01-06,East,Roads,Mobile app,Routine,120,141.8,Completed,Late,3.0
SR-02283,2025-01-06,Central,Water,Mobile app,Routine,36,61.9,Completed,Late,4.0
SR-02307,2025-01-06,West,Lighting,Web,Routine,72,48.2,Completed,On time,4.0
SR-00954,2025-01-07,South,Lighting,Walk-in,Urgent,72,58.6,Completed,On time,5.0
SR-01152,2025-01-07,West,Roads,Web,Critical,120,72.7,Completed,On time,4.0
SR-00471,2025-01-08,North,Waste,Web,Urgent,48,,Open,Open,
SR-01943,2025-01-08,East,Lighting,Mobile app,Routine,72,62.1,Completed,On time,4.0
SR-02116,2025-01-08,East,Roads,Mobile app,Routine,120,76.2,Completed,On time,4.0
SR-00224,2025-01-09,East,Waste,Mobile app,Urgent,48,28.0,Completed,On time,4.0
SR-00364,2025-01-09,East,Lighting,Mobile app,Routine,72,44.8,Completed,On time,5.0
SR-00460,2025-01-09,West,Lighting,Walk-in,Routine,72,49.4,Completed,On time,4.0
SR-01062,2025-01-09,East,Water,Web,Routine,36,52.5,Completed,Late,3.0
SR-01313,2025-01-09,North,Water,Web,Routine,36,20.4,Completed,On time,5.0
SR-01328,2025-01-09,South,Waste,Phone,Routine,48,56.6,Completed,Late,3.0
SR-01496,2025-01-09,South,Water,Web,Routine,36,32.4,Completed,On time,4.0
SR-01791,2025-01-09,Central,Roads,Web,Routine,120,100.6,Completed,On time,4.0
SR-01811,2025-01-09,Central,Water,Web,Routine,36,27.2,Completed,On time,5.0
SR-01913,2025-01-09,Central,Waste,Web,Routine,48,43.8,Completed,On time,4.0
SR-02304,2025-01-09,Central,Lighting,Mobile app,Routine,72,,Open,Open,
SR-00381,2025-01-10,South,Roads,Phone,Urgent,120,73.6,Completed,On time,4.0
SR-00982,2025-01-10,East,Roads,Phone,Routine,120,74.1,Completed,On time,4.0
SR-01132,2025-01-10,North,Lighting,Web,Critical,72,16.0,Completed,On time,3.0
SR-01247,2025-01-10,Central,Waste,Mobile app,Urgent,48,,Open,Open,
SR-02232,2025-01-10,North,Waste,Phone,Urgent,48,22.9,Completed,On time,4.0
SR-02275,2025-01-10,South,Waste,Web,Routine,48,36.3,Completed,On time,4.0
SR-00037,2025-01-11,South,Lighting,Web,Urgent,72,66.6,Completed,On time,4.0
SR-00614,2025-01-11,South,Waste,Phone,Routine,48,,Open,Open,
SR-00645,2025-01-11,North,Waste,Mobile app,Routine,48,40.1,Completed,On time,4.0
SR-00667,2025-01-11,West,Waste,Mobile app,Routine,48,51.6,Completed,Late,4.0
SR-00907,2025-01-11,Central,Lighting,Mobile app,Routine,72,64.4,Completed,On time,5.0
SR-01073,2025-01-11,East,Roads,Mobile app,Urgent,120,49.3,Completed,On time,4.0
SR-01693,2025-01-11,Central,Roads,Web,Critical,120,,Open,Open,
SR-01975,2025-01-11,East,Waste,Phone,Routine,48,27.5,Completed,On time,4.0
SR-01994,2025-01-11,Central,Roads,Web,Routine,120,93.5,Completed,On time,4.0
SR-02261,2025-01-11,Central,Water,Walk-in,Routine,36,58.8,Completed,Late,3.0
SR-00184,2025-01-12,South,Waste,Web,Routine,48,35.3,Completed,On time,4.0
SR-00417,2025-01-12,North,Lighting,Mobile app,Routine,72,44.5,Completed,On time,5.0
SR-01187,2025-01-12,East,Water,Walk-in,Routine,36,37.5,Completed,Late,3.0
SR-01275,2025-01-12,West,Lighting,Web,Urgent,72,73.2,Completed,Late,3.0
SR-01680,2025-01-12,Central,Water,Phone,Urgent,36,,Open,Open,
SR-01816,2025-01-12,West,Waste,Mobile app,Urgent,48,22.1,Completed,On time,4.0
SR-01845,2025-01-12,East,Waste,Phone,Critical,48,14.5,Completed,On time,4.0
SR-02265,2025-01-12,West,Roads,Phone,Urgent,120,111.3,Completed,On time,5.0
SR-02290,2025-01-12,West,Water,Mobile app,Routine,36,32.2,Completed,On time,3.0
SR-02316,2025-01-12,South,Lighting,Mobile app,Urgent,72,26.6,Completed,On time,5.0
SR-00437,2025-01-13,East,Water,Phone,Routine,36,46.3,Completed,Late,2.0
SR-01154,2025-01-13,North,Roads,Web,Routine,120,192.8,Completed,Late,3.0
SR-01218,2025-01-13,East,Waste,Web,Urgent,48,16.6,Completed,On time,4.0
SR-01547,2025-01-14,Central,Waste,Mobile app,Routine,48,38.8,Completed,On time,4.0
SR-02363,2025-01-14,Central,Lighting,Mobile app,Routine,72,58.1,Completed,On time,4.0
SR-02381,2025-01-14,East,Waste,Walk-in,Critical,48,16.9,Completed,On time,4.0
SR-00268,2025-01-15,Central,Waste,Phone,Routine,48,65.6,Completed,Late,3.0
SR-00746,2025-01-15,Central,Roads,Web,Urgent,120,88.0,Completed,On time,4.0
SR-00860,2025-01-15,West,Lighting,Web,Routine,72,98.7,Completed,Late,3.0
SR-00901,2025-01-15,East,Lighting,Web,Routine,72,41.6,Completed,On time,4.0
SR-01202,2025-01-15,West,Lighting,Mobile app,Critical,72,39.6,Completed,On time,4.0
SR-01375,2025-01-15,West,Water,Mobile app,Urgent,36,25.7,Completed,On time,4.0
SR-02158,2025-01-15,South,Lighting,Mobile app,Routine,72,115.8,Completed,Late,4.0
SR-02180,2025-01-15,South,Lighting,Walk-in,Routine,72,43.3,Completed,On time,5.0
SR-00040,2025-01-16,Central,Roads,Mobile app,Routine,120,167.6,Completed,Late,4.0
SR-00229,2025-01-16,Central,Waste,Web,Routine,48,32.2,Completed,On time,5.0
SR-00265,2025-01-16,Central,Lighting,Web,Routine,72,101.4,Completed,Late,3.0
SR-00502,2025-01-16,South,Roads,Phone,Routine,120,,Open,Open,
SR-00629,2025-01-16,North,Lighting,Phone,Critical,72,11.7,Completed,On time,4.0
SR-00640,2025-01-16,Central,Lighting,Mobile app,Urgent,72,,Open,Open,
SR-00847,2025-01-16,West,Waste,Phone,Routine,48,,Open,Open,
SR-01009,2025-01-16,West,Water,Phone,Routine,36,42.3,Completed,Late,4.0
SR-01133,2025-01-16,Central,Lighting,Phone,Routine,72,94.8,Completed,Late,3.0
SR-01462,2025-01-16,West,Water,Phone,Routine,36,84.9,Completed,Late,4.0
SR-01541,2025-01-16,Central,Waste,Walk-in,Urgent,48,43.0,Completed,On time,4.0
SR-02015,2025-01-16,Central,Roads,Walk-in,Routine,120,133.6,Completed,Late,3.0
SR-02152,2025-01-16,West,Roads,Mobile app,Routine,120,143.6,Completed,Late,2.0
SR-02324,2025-01-16,South,Lighting,Web,Routine,72,64.4,Completed,On time,4.0
SR-00020,2025-01-17,East,Roads,Web,Routine,120,124.3,Completed,Late,3.0
SR-00080,2025-01-17,Central,Waste,Phone,Urgent,48,54.4,Completed,Late,3.0
SR-00367,2025-01-17,Central,Waste,Phone,Routine,48,33.8,Completed,On time,5.0
SR-00766,2025-01-17,East,Water,Mobile app,Routine,36,30.7,Completed,On time,4.0
SR-01379,2025-01-17,South,Roads,Web,Routine,120,216.3,Completed,Late,3.0
SR-01567,2025-01-17,Central,Water,Mobile app,Urgent,36,36.3,Completed,Late,4.0
SR-02142,2025-01-17,North,Lighting,Phone,Routine,72,17.1,Completed,On time,4.0
SR-02170,2025-01-17,Central,Roads,Mobile app,Urgent,120,,Open,Open,
SR-02368,2025-01-17,North,Waste,Mobile app,Routine,48,55.8,Completed,Late,2.0
SR-00411,2025-01-18,South,Lighting,Mobile app,Routine,72,157.6,Completed,Late,3.0
SR-00748,2025-01-18,South,Water,Walk-in,Routine,36,37.1,Completed,Late,3.0
SR-00899,2025-01-18,West,Roads,Mobile app,Routine,120,165.4,Completed,Late,4.0
SR-01280,2025-01-18,East,Waste,Web,Routine,48,38.7,Completed,On time,5.0
SR-01401,2025-01-18,West,Waste,Mobile app,Routine,48,39.1,Completed,On time,4.0
SR-01523,2025-01-18,South,Waste,Mobile app,Routine,48,34.9,Completed,On time,5.0
SR-01555,2025-01-18,North,Roads,Web,Urgent,120,65.2,Completed,On time,4.0
SR-02220,2025-01-18,Central,Waste,Web,Routine,48,19.5,Completed,On time,5.0
SR-02317,2025-01-18,Central,Roads,Mobile app,Urgent,120,155.1,Completed,Late,2.0
SR-00104,2025-01-19,Central,Water,Walk-in,Critical,36,17.3,Completed,On time,5.0
SR-01051,2025-01-19,South,Water,Phone,Routine,36,,Open,Open,
SR-01961,2025-01-19,East,Roads,Mobile app,Routine,120,91.8,Completed,On time,5.0
SR-02184,2025-01-19,South,Roads,Web,Critical,120,,Open,Open,
SR-00039,2025-01-20,South,Roads,Mobile app,Routine,120,,Open,Open,
SR-00183,2025-01-20,West,Roads,Web,Routine,120,,Open,Open,
SR-00444,2025-01-20,Central,Waste,Phone,Urgent,48,21.4,Completed,On time,5.0
SR-00790,2025-01-20,East,Water,Web,Critical,36,7.4,Completed,On time,5.0
SR-00975,2025-01-20,East,Lighting,Web,Routine,72,67.1,Completed,On time,4.0
SR-01217,2025-01-20,South,Roads,Mobile app,Routine,120,125.7,Completed,Late,3.0
SR-01558,2025-01-20,North,Roads,Web,Critical,120,76.1,Completed,On time,4.0
SR-01609,2025-01-20,South,Waste,Web,Routine,48,47.2,Completed,On time,4.0
SR-02271,2025-01-20,South,Lighting,Walk-in,Routine,72,99.4,Completed,Late,3.0
SR-02299,2025-01-20,East,Waste,Phone,Urgent,48,25.0,Completed,On time,4.0
SR-00107,2025-01-21,Central,Roads,Mobile app,Critical,120,87.9,Completed,On time,4.0
SR-00163,2025-01-21,East,Waste,Phone,Critical,48,9.9,Completed,On time,4.0
SR-01033,2025-01-21,West,Water,Mobile app,Routine,36,,Open,Open,
SR-01302,2025-01-21,North,Lighting,Phone,Critical,72,14.1,Completed,On time,5.0
SR-01549,2025-01-21,South,Water,Phone,Urgent,36,38.8,Completed,Late,2.0
SR-00223,2025-01-22,South,Waste,Phone,Routine,48,57.2,Completed,Late,4.0
SR-00486,2025-01-22,East,Water,Phone,Urgent,36,62.8,Completed,Late,3.0
SR-00683,2025-01-22,East,Water,Phone,Routine,36,36.6,Completed,Late,2.0
SR-00930,2025-01-22,North,Lighting,Mobile app,Urgent,72,51.7,Completed,On time,5.0
SR-01081,2025-01-22,Central,Waste,Phone,Urgent,48,52.0,Completed,Late,2.0
SR-01967,2025-01-22,South,Waste,Mobile app,Routine,48,73.4,Completed,Late,3.0
SR-00453,2025-01-23,South,Lighting,Web,Routine,72,41.2,Completed,On time,4.0
SR-00738,2025-01-23,East,Lighting,Web,Urgent,72,62.3,Completed,On time,5.0
SR-00902,2025-01-23,South,Waste,Walk-in,Urgent,48,37.8,Completed,On time,4.0
SR-01916,2025-01-23,East,Waste,Walk-in,Urgent,48,31.2,Completed,On time,4.0
SR-00469,2025-01-24,Central,Waste,Mobile app,Routine,48,32.0,Completed,On time,4.0
SR-00482,2025-01-24,West,Waste,Phone,Routine,48,45.8,Completed,On time,4.0
SR-00628,2025-01-24,West,Lighting,Mobile app,Routine,72,67.2,Completed,On time,5.0
SR-00630,2025-01-24,Central,Waste,Mobile app,Urgent,48,34.1,Completed,On time,5.0
SR-01200,2025-01-24,North,Waste,Mobile app,Routine,48,25.0,Completed,On time,4.0
SR-01951,2025-01-24,South,Waste,Web,Routine,48,50.3,Completed,Late,2.0
SR-02222,2025-01-24,North,Waste,Mobile app,Routine,48,18.7,Completed,On time,4.0
SR-02357,2025-01-24,North,Waste,Phone,Routine,48,31.5,Completed,On time,4.0
SR-00564,2025-01-25,South,Roads,Web,Routine,120,141.6,Completed,Late,2.0
SR-00681,2025-01-25,North,Water,Mobile app,Routine,36,42.3,Completed,Late,2.0
SR-01265,2025-01-25,South,Waste,Phone,Routine,48,54.6,Completed,Late,4.0
SR-01732,2025-01-25,South,Roads,Mobile app,Urgent,120,155.2,Completed,Late,2.0
SR-01889,2025-01-25,Central,Lighting,Mobile app,Routine,72,114.0,Completed,Late,2.0
SR-02027,2025-01-25,Central,Lighting,Mobile app,Urgent,72,111.2,Completed,Late,3.0
SR-02322,2025-01-25,North,Roads,Mobile app,Routine,120,167.4,Completed,Late,3.0
SR-02364,2025-01-25,Central,Roads,Web,Routine,120,53.4,Completed,On time,5.0
SR-00202,2025-01-26,West,Lighting,Mobile app,Routine,72,51.7,Completed,On time,3.0
SR-00398,2025-01-26,Central,Roads,Phone,Urgent,120,70.5,Completed,On time,5.0
SR-00537,2025-01-26,Central,Waste,Web,Routine,48,33.5,Completed,On time,5.0
SR-00987,2025-01-26,East,Roads,Mobile app,Routine,120,174.4,Completed,Late,2.0
SR-01111,2025-01-26,East,Water,Web,Urgent,36,48.8,Completed,Late,2.0
SR-01306,2025-01-26,South,Waste,Phone,Urgent,48,42.0,Completed,On time,4.0
SR-00199,2025-01-27,West,Roads,Web,Critical,120,249.2,Completed,Late,3.0
SR-00862,2025-01-27,East,Waste,Phone,Routine,48,28.9,Completed,On time,4.0
SR-00912,2025-01-27,North,Waste,Mobile app,Routine,48,39.5,Completed,On time,5.0
SR-01007,2025-01-27,North,Waste,Web,Routine,48,24.9,Completed,On time,4.0
SR-01885,2025-01-27,Central,Water,Phone,Urgent,36,33.8,Completed,On time,5.0
SR-02048,2025-01-27,South,Water,Mobile app,Routine,36,24.8,Completed,On time,4.0
SR-02288,2025-01-27,West,Waste,Phone,Routine,48,26.1,Completed,On time,5.0
SR-02334,2025-01-27,Central,Water,Mobile app,Routine,36,117.1,Completed,Late,3.0
SR-00362,2025-01-28,West,Lighting,Web,Routine,72,53.3,Completed,On time,5.0
SR-00401,2025-01-28,East,Waste,Walk-in,Routine,48,34.9,Completed,On time,4.0
SR-00896,2025-01-28,South,Waste,Web,Routine,48,95.7,Completed,Late,3.0
SR-00897,2025-01-28,Central,Roads,Walk-in,Routine,120,84.1,Completed,On time,3.0
SR-00993,2025-01-28,East,Roads,Mobile app,Routine,120,,Open,Open,
SR-01161,2025-01-28,West,Roads,Phone,Critical,120,39.9,Completed,On time,4.0
SR-01886,2025-01-28,Central,Roads,Mobile app,Urgent,120,88.9,Completed,On time,4.0
SR-00279,2025-01-29,Central,Roads,Phone,Urgent,120,79.8,Completed,On time,4.0
SR-01596,2025-01-29,East,Lighting,Web,Routine,72,,Open,Open,
SR-02109,2025-01-29,West,Waste,Phone,Routine,48,39.3,Completed,On time,5.0
SR-02273,2025-01-29,East,Water,Web,Urgent,36,54.2,Completed,Late,4.0
SR-00432,2025-01-30,Central,Waste,Phone,Urgent,48,37.3,Completed,On time,5.0
SR-01083,2025-01-30,West,Waste,Walk-in,Urgent,48,15.6,Completed,On time,5.0
SR-02002,2025-01-30,West,Roads,Mobile app,Routine,120,,Open,Open,
SR-00371,2025-01-31,North,Water,Walk-in,Urgent,36,15.8,Completed,On time,4.0
SR-00504,2025-01-31,Central,Roads,Web,Urgent,120,93.4,Completed,On time,5.0
SR-00838,2025-01-31,East,Waste,Phone,Routine,48,27.9,Completed,On time,4.0
SR-00981,2025-01-31,North,Waste,Web,Routine,48,54.0,Completed,Late,3.0
SR-01338,2025-01-31,North,Roads,Walk-in,Routine,120,123.3,Completed,Late,3.0
SR-01426,2025-01-31,East,Roads,Web,Routine,120,137.6,Completed,Late,2.0
SR-02301,2025-01-31,West,Waste,Mobile app,Routine,48,52.1,Completed,Late,3.0
SR-02367,2025-01-31,Central,Roads,Web,Routine,120,106.0,Completed,On time,5.0
SR-00206,2025-02-01,Central,Lighting,Walk-in,Routine,72,46.5,Completed,On time,4.0
SR-00693,2025-02-01,North,Water,Mobile app,Routine,36,34.1,Completed,On time,4.0
SR-00800,2025-02-01,North,Roads,Web,Urgent,120,76.7,Completed,On time,3.0
SR-01046,2025-02-01,Central,Roads,Web,Routine,120,213.8,Completed,Late,3.0
SR-01136,2025-02-01,East,Water,Mobile app,Urgent,36,59.7,Completed,Late,2.0
SR-01243,2025-02-01,North,Roads,Mobile app,Routine,120,80.0,Completed,On time,4.0
SR-01337,2025-02-01,Central,Lighting,Web,Urgent,72,64.7,Completed,On time,5.0
SR-01578,2025-02-01,East,Water,Web,Routine,36,76.7,Completed,Late,2.0
SR-00481,2025-02-02,West,Waste,Web,Routine,48,106.7,Completed,Late,3.0
SR-00757,2025-02-02,South,Roads,Walk-in,Routine,120,135.2,Completed,Late,3.0
SR-00996,2025-02-02,West,Lighting,Web,Routine,72,,Open,Open,
SR-01059,2025-02-02,South,Waste,Mobile app,Routine,48,40.7,Completed,On time,5.0
SR-01087,2025-02-02,Central,Waste,Web,Routine,48,30.7,Completed,On time,4.0
SR-01173,2025-02-02,West,Waste,Phone,Routine,48,20.1,Completed,On time,4.0
SR-01177,2025-02-02,South,Roads,Mobile app,Routine,120,144.5,Completed,Late,4.0
SR-01512,2025-02-02,Central,Lighting,Mobile app,Routine,72,92.3,Completed,Late,4.0
SR-01799,2025-02-02,South,Roads,Web,Routine,120,168.1,Completed,Late,3.0
SR-01864,2025-02-02,South,Waste,Web,Routine,48,64.3,Completed,Late,3.0
SR-01890,2025-02-02,East,Lighting,Mobile app,Routine,72,136.8,Completed,Late,2.0
SR-01898,2025-02-02,South,Roads,Mobile app,Critical,120,138.3,Completed,Late,1.0
SR-02243,2025-02-02,South,Lighting,Mobile app,Routine,72,,Open,Open,
SR-00394,2025-02-03,South,Roads,Web,Routine,120,125.5,Completed,Late,3.0
SR-00446,2025-02-03,South,Waste,Mobile app,Routine,48,,Open,Open,
SR-00670,2025-02-03,Central,Roads,Web,Routine,120,101.4,Completed,On time,5.0
SR-01603,2025-02-03,North,Roads,Web,Routine,120,140.7,Completed,Late,3.0
SR-01698,2025-02-03,North,Roads,Web,Routine,120,149.0,Completed,Late,4.0
SR-01887,2025-02-03,East,Roads,Walk-in,Urgent,120,192.4,Completed,Late,3.0
SR-02323,2025-02-03,North,Roads,Mobile app,Routine,120,259.5,Completed,Late,3.0
SR-00024,2025-02-04,North,Waste,Web,Routine,48,39.5,Completed,On time,5.0
SR-00027,2025-02-04,South,Lighting,Phone,Routine,72,35.9,Completed,On time,5.0
SR-00257,2025-02-04,Central,Lighting,Mobile app,Routine,72,51.1,Completed,On time,5.0
SR-01395,2025-02-04,East,Lighting,Web,Routine,72,70.2,Completed,On time,4.0
SR-01429,2025-02-04,North,Roads,Mobile app,Urgent,120,209.4,Completed,Late,4.0
SR-01769,2025-02-04,North,Water,Web,Routine,36,27.2,Completed,On time,5.0
SR-02100,2025-02-04,Central,Waste,Mobile app,Routine,48,46.5,Completed,On time,4.0
SR-00404,2025-02-05,South,Water,Web,Urgent,36,58.7,Completed,Late,2.0
SR-00685,2025-02-05,West,Roads,Web,Urgent,120,76.4,Completed,On time,5.0
SR-01409,2025-02-05,East,Water,Mobile app,Routine,36,26.7,Completed,On time,4.0
SR-01662,2025-02-05,Central,Waste,Walk-in,Urgent,48,39.1,Completed,On time,4.0
SR-00410,2025-02-06,North,Roads,Phone,Routine,120,178.0,Completed,Late,3.0
SR-00726,2025-02-06,Central,Waste,Web,Urgent,48,34.8,Completed,On time,4.0
SR-01001,2025-02-06,North,Roads,Web,Routine,120,81.5,Completed,On time,5.0
SR-01714,2025-02-06,West,Roads,Mobile app,Urgent,120,177.1,Completed,Late,3.0
SR-02179,2025-02-06,East,Roads,Mobile app,Urgent,120,,Open,Open,
SR-00341,2025-02-07,Central,Waste,Phone,Routine,48,29.5,Completed,On time,4.0
SR-00795,2025-02-07,North,Lighting,Web,Routine,72,93.6,Completed,Late,3.0
SR-01215,2025-02-07,North,Roads,Web,Routine,120,246.5,Completed,Late,2.0
SR-01216,2025-02-07,Central,Waste,Web,Routine,48,20.9,Completed,On time,4.0
SR-01419,2025-02-07,South,Water,Web,Routine,36,43.3,Completed,Late,3.0
SR-01704,2025-02-07,South,Lighting,Phone,Routine,72,138.9,Completed,Late,3.0
SR-01832,2025-02-07,West,Roads,Mobile app,Routine,120,232.5,Completed,Late,3.0
SR-00304,2025-02-08,West,Waste,Web,Routine,48,61.7,Completed,Late,4.0
SR-00379,2025-02-08,Central,Water,Mobile app,Routine,36,51.2,Completed,Late,3.0
SR-00425,2025-02-08,South,Lighting,Mobile app,Routine,72,56.4,Completed,On time,5.0
SR-00721,2025-02-08,Central,Waste,Phone,Critical,48,21.3,Completed,On time,3.0
SR-01435,2025-02-08,West,Roads,Walk-in,Routine,120,,Open,Open,
SR-01667,2025-02-08,Central,Water,Walk-in,Routine,36,37.6,Completed,Late,4.0
SR-02073,2025-02-08,South,Water,Mobile app,Routine,36,38.6,Completed,Late,4.0
SR-02274,2025-02-08,West,Water,Mobile app,Routine,36,33.6,Completed,On time,5.0
SR-01119,2025-02-09,Central,Waste,Mobile app,Urgent,48,,Open,Open,
SR-01263,2025-02-09,Central,Water,Mobile app,Routine,36,35.5,Completed,On time,5.0
SR-01326,2025-02-09,East,Roads,Mobile app,Routine,120,181.3,Completed,Late,5.0
SR-01605,2025-02-09,South,Water,Walk-in,Routine,36,47.7,Completed,Late,3.0
SR-02209,2025-02-09,Central,Lighting,Web,Routine,72,92.1,Completed,Late,3.0
SR-01262,2025-02-10,North,Waste,Mobile app,Routine,48,51.1,Completed,Late,5.0
SR-01831,2025-02-10,South,Lighting,Web,Routine,72,79.4,Completed,Late,3.0
SR-00007,2025-02-11,West,Waste,Web,Urgent,48,57.5,Completed,Late,3.0
SR-00283,2025-02-11,South,Roads,Mobile app,Routine,120,227.9,Completed,Late,2.0
SR-00466,2025-02-11,North,Roads,Phone,Routine,120,,Open,Open,
SR-00765,2025-02-11,South,Water,Web,Routine,36,44.3,Completed,Late,2.0
SR-01480,2025-02-11,South,Roads,Phone,Routine,120,210.6,Completed,Late,4.0
SR-01762,2025-02-11,Central,Waste,Web,Routine,48,52.1,Completed,Late,3.0
SR-02250,2025-02-11,East,Waste,Phone,Routine,48,51.5,Completed,Late,3.0
SR-00546,2025-02-12,Central,Waste,Web,Urgent,48,6.6,Completed,On time,4.0
SR-01619,2025-02-12,West,Water,Phone,Urgent,36,25.7,Completed,On time,3.0
SR-01891,2025-02-12,Central,Roads,Web,Urgent,120,139.1,Completed,Late,5.0
SR-01294,2025-02-13,West,Roads,Mobile app,Routine,120,,Open,Open,
SR-01399,2025-02-13,North,Roads,Phone,Routine,120,308.1,Completed,Late,3.0
SR-01566,2025-02-13,North,Lighting,Web,Urgent,72,47.9,Completed,On time,4.0
SR-01581,2025-02-13,North,Lighting,Web,Routine,72,53.4,Completed,On time,5.0
SR-01834,2025-02-13,North,Waste,Mobile app,Routine,48,20.5,Completed,On time,4.0
SR-01854,2025-02-13,Central,Roads,Web,Critical,120,85.1,Completed,On time,4.0
SR-02052,2025-02-13,South,Roads,Web,Critical,120,158.5,Completed,Late,3.0
SR-02341,2025-02-13,South,Roads,Phone,Routine,120,116.9,Completed,On time,4.0
SR-00955,2025-02-14,West,Waste,Mobile app,Routine,48,38.3,Completed,On time,4.0
SR-01318,2025-02-14,East,Waste,Web,Urgent,48,48.9,Completed,Late,3.0
SR-01747,2025-02-14,West,Lighting,Walk-in,Routine,72,90.9,Completed,Late,2.0
SR-01919,2025-02-14,Central,Roads,Phone,Routine,120,136.8,Completed,Late,3.0
SR-02293,2025-02-14,West,Waste,Walk-in,Routine,48,44.4,Completed,On time,4.0
SR-00055,2025-02-15,West,Water,Web,Routine,36,33.1,Completed,On time,5.0
SR-00063,2025-02-15,East,Roads,Phone,Routine,120,123.9,Completed,Late,3.0
SR-00272,2025-02-15,Central,Waste,Web,Urgent,48,45.7,Completed,On time,5.0
SR-00759,2025-02-15,West,Water,Web,Routine,36,30.1,Completed,On time,4.0
SR-00973,2025-02-15,Central,Lighting,Mobile app,Urgent,72,49.3,Completed,On time,4.0
SR-01002,2025-02-15,North,Water,Web,Routine,36,26.4,Completed,On time,5.0
SR-01163,2025-02-15,North,Water,Walk-in,Routine,36,40.1,Completed,Late,3.0
SR-01643,2025-02-15,West,Waste,Walk-in,Urgent,48,27.0,Completed,On time,5.0
SR-00219,2025-02-16,East,Water,Mobile app,Urgent,36,35.1,Completed,On time,4.0
SR-00373,2025-02-16,South,Waste,Web,Urgent,48,34.9,Completed,On time,4.0
SR-00566,2025-02-16,Central,Waste,Mobile app,Routine,48,36.6,Completed,On time,4.0
SR-01572,2025-02-16,East,Roads,Web,Routine,120,145.0,Completed,Late,3.0
SR-02178,2025-02-16,West,Water,Phone,Routine,36,57.6,Completed,Late,4.0
SR-02332,2025-02-16,South,Waste,Mobile app,Urgent,48,25.4,Completed,On time,4.0
SR-00220,2025-02-17,West,Roads,Web,Urgent,120,134.4,Completed,Late,3.0
SR-00301,2025-02-17,East,Waste,Mobile app,Urgent,48,39.8,Completed,On time,4.0
SR-01147,2025-02-17,East,Waste,Phone,Critical,48,22.3,Completed,On time,5.0
SR-01227,2025-02-17,East,Waste,Phone,Urgent,48,59.9,Completed,Late,3.0
SR-01364,2025-02-17,East,Waste,Walk-in,Urgent,48,25.2,Completed,On time,3.0
SR-01904,2025-02-17,Central,Lighting,Mobile app,Routine,72,201.7,Completed,Late,3.0
SR-00421,2025-02-18,South,Waste,Mobile app,Critical,48,17.4,Completed,On time,4.0
SR-00505,2025-02-18,Central,Waste,Mobile app,Urgent,48,25.4,Completed,On time,4.0
SR-01253,2025-02-18,West,Waste,Web,Routine,48,32.7,Completed,On time,4.0
SR-01403,2025-02-18,East,Waste,Mobile app,Routine,48,105.1,Completed,Late,2.0
SR-01837,2025-02-18,North,Waste,Web,Urgent,48,46.3,Completed,On time,3.0
SR-02369,2025-02-18,Central,Roads,Mobile app,Routine,120,147.7,Completed,Late,4.0
SR-00169,2025-02-19,South,Lighting,Mobile app,Routine,72,,Open,Open,
SR-00189,2025-02-19,South,Waste,Phone,Urgent,48,58.3,Completed,Late,4.0
SR-00276,2025-02-19,Central,Roads,Mobile app,Urgent,120,79.2,Completed,On time,5.0
SR-01124,2025-02-19,Central,Water,Walk-in,Routine,36,45.4,Completed,Late,4.0
SR-01308,2025-02-19,North,Water,Phone,Urgent,36,32.1,Completed,On time,4.0
SR-01539,2025-02-19,East,Water,Mobile app,Critical,36,46.5,Completed,Late,4.0
SR-01644,2025-02-19,South,Roads,Web,Routine,120,309.5,Completed,Late,2.0
SR-01677,2025-02-19,South,Lighting,Walk-in,Urgent,72,124.7,Completed,Late,2.0
SR-01851,2025-02-19,North,Roads,Phone,Routine,120,208.2,Completed,Late,2.0
SR-01861,2025-02-19,Central,Lighting,Phone,Routine,72,86.4,Completed,Late,3.0
SR-02090,2025-02-19,South,Waste,Web,Routine,48,54.5,Completed,Late,3.0
SR-02105,2025-02-19,East,Lighting,Mobile app,Routine,72,32.4,Completed,On time,4.0
SR-02147,2025-02-19,South,Waste,Mobile app,Routine,48,30.3,Completed,On time,5.0
SR-02286,2025-02-19,North,Waste,Walk-in,Routine,48,23.4,Completed,On time,4.0
SR-00278,2025-02-20,South,Roads,Web,Urgent,120,123.0,Completed,Late,3.0
SR-00960,2025-02-20,North,Lighting,Mobile app,Critical,72,31.0,Completed,On time,4.0
SR-01159,2025-02-20,West,Lighting,Phone,Routine,72,100.6,Completed,Late,3.0
SR-01651,2025-02-20,East,Lighting,Phone,Routine,72,103.5,Completed,Late,3.0
SR-02121,2025-02-20,East,Waste,Mobile app,Routine,48,28.6,Completed,On time,5.0
SR-00845,2025-02-21,Central,Roads,Mobile app,Urgent,120,108.2,Completed,On time,4.0
SR-02366,2025-02-21,East,Roads,Phone,Routine,120,69.1,Completed,On time,4.0
SR-00018,2025-02-22,Central,Water,Mobile app,Routine,36,42.1,Completed,Late,3.0
SR-00323,2025-02-22,North,Water,Phone,Routine,36,29.1,Completed,On time,4.0
SR-00357,2025-02-22,Central,Lighting,Phone,Routine,72,139.2,Completed,Late,1.0
SR-00441,2025-02-22,Central,Lighting,Phone,Routine,72,79.2,Completed,Late,3.0
SR-00729,2025-02-22,South,Water,Phone,Urgent,36,52.4,Completed,Late,3.0
SR-01108,2025-02-22,West,Lighting,Web,Routine,72,75.6,Completed,Late,3.0
SR-01608,2025-02-22,Central,Waste,Phone,Urgent,48,49.2,Completed,Late,3.0
SR-01635,2025-02-22,South,Waste,Web,Routine,48,63.1,Completed,Late,4.0
SR-01766,2025-02-22,North,Roads,Phone,Routine,120,87.2,Completed,On time,3.0
SR-01900,2025-02-22,West,Waste,Phone,Routine,48,70.5,Completed,Late,4.0
SR-01925,2025-02-22,Central,Waste,Web,Routine,48,31.6,Completed,On time,5.0
SR-01946,2025-02-22,Central,Water,Web,Routine,36,20.3,Completed,On time,3.0
SR-02198,2025-02-22,South,Water,Web,Urgent,36,42.2,Completed,Late,2.0
SR-00115,2025-02-23,East,Waste,Phone,Urgent,48,61.9,Completed,Late,3.0
SR-00351,2025-02-23,East,Roads,Phone,Routine,120,122.7,Completed,Late,4.0
SR-00405,2025-02-23,Central,Lighting,Mobile app,Routine,72,129.8,Completed,Late,3.0
SR-01323,2025-02-23,Central,Lighting,Mobile app,Routine,72,115.5,Completed,Late,2.0
SR-01431,2025-02-23,Central,Roads,Mobile app,Routine,120,126.0,Completed,Late,2.0
SR-01666,2025-02-23,North,Roads,Web,Routine,120,164.1,Completed,Late,3.0
SR-02342,2025-02-23,East,Roads,Phone,Routine,120,82.5,Completed,On time,4.0
SR-02383,2025-02-23,Central,Lighting,Mobile app,Urgent,72,60.0,Completed,On time,5.0
SR-00710,2025-02-24,West,Waste,Phone,Urgent,48,45.3,Completed,On time,4.0
SR-01188,2025-02-24,East,Waste,Mobile app,Routine,48,29.3,Completed,On time,5.0
SR-00003,2025-02-25,East,Water,Web,Routine,36,46.5,Completed,Late,3.0
SR-00365,2025-02-25,North,Water,Web,Routine,36,56.5,Completed,Late,4.0
SR-00784,2025-02-25,East,Waste,Phone,Routine,48,48.3,Completed,Late,3.0
SR-01137,2025-02-25,South,Lighting,Web,Routine,72,242.8,Completed,Late,2.0
SR-01801,2025-02-25,South,Lighting,Phone,Routine,72,108.7,Completed,Late,3.0
SR-00517,2025-02-26,North,Waste,Mobile app,Urgent,48,34.7,Completed,On time,4.0
SR-00941,2025-02-26,North,Roads,Phone,Urgent,120,96.9,Completed,On time,5.0
SR-01016,2025-02-26,Central,Roads,Web,Routine,120,143.7,Completed,Late,3.0
SR-01655,2025-02-26,East,Lighting,Mobile app,Routine,72,124.8,Completed,Late,2.0
SR-01950,2025-02-26,East,Lighting,Phone,Routine,72,51.3,Completed,On time,3.0
SR-02108,2025-02-26,East,Roads,Web,Routine,120,128.2,Completed,Late,3.0
SR-00041,2025-02-27,North,Roads,Mobile app,Routine,120,129.0,Completed,Late,3.0
SR-00465,2025-02-27,Central,Water,Web,Urgent,36,,Open,Open,
SR-01080,2025-02-27,North,Roads,Mobile app,Urgent,120,,Open,Open,
SR-01246,2025-02-27,North,Roads,Phone,Routine,120,66.4,Completed,On time,4.0
SR-01548,2025-02-27,East,Lighting,Mobile app,Routine,72,119.9,Completed,Late,2.0
SR-01584,2025-02-27,Central,Lighting,Phone,Urgent,72,24.2,Completed,On time,5.0
SR-02143,2025-02-27,Central,Roads,Mobile app,Routine,120,160.8,Completed,Late,4.0
SR-02394,2025-02-27,South,Roads,Mobile app,Routine,120,321.9,Completed,Late,3.0
SR-00061,2025-02-28,East,Roads,Phone,Routine,120,176.3,Completed,Late,3.0
SR-00538,2025-02-28,South,Waste,Phone,Routine,48,113.6,Completed,Late,2.0
SR-00877,2025-02-28,East,Roads,Mobile app,Urgent,120,236.6,Completed,Late,3.0
SR-01713,2025-02-28,North,Waste,Mobile app,Routine,48,,Open,Open,
SR-01729,2025-02-28,East,Water,Phone,Routine,36,101.1,Completed,Late,3.0
SR-00319,2025-03-01,North,Water,Phone,Routine,36,36.7,Completed,Late,3.0
SR-00322,2025-03-01,Central,Lighting,Web,Routine,72,96.6,Completed,Late,3.0
SR-00835,2025-03-01,West,Waste,Mobile app,Routine,48,,Open,Open,
SR-01324,2025-03-01,West,Roads,Phone,Routine,120,234.6,Completed,Late,4.0
SR-00116,2025-03-02,North,Waste,Web,Routine,48,92.0,Completed,Late,2.0
SR-01068,2025-03-02,East,Roads,Web,Urgent,120,334.3,Completed,Late,3.0
SR-01180,2025-03-02,South,Waste,Phone,Routine,48,48.3,Completed,Late,3.0
SR-01189,2025-03-02,North,Lighting,Web,Routine,72,87.9,Completed,Late,3.0
SR-01296,2025-03-02,Central,Lighting,Web,Urgent,72,77.5,Completed,Late,2.0
SR-01433,2025-03-02,South,Roads,Mobile app,Routine,120,216.9,Completed,Late,3.0
SR-01478,2025-03-02,Central,Roads,Mobile app,Routine,120,91.0,Completed,On time,4.0
SR-01710,2025-03-02,North,Waste,Web,Urgent,48,32.8,Completed,On time,5.0
SR-00320,2025-03-03,East,Lighting,Phone,Routine,72,84.2,Completed,Late,3.0
SR-00390,2025-03-03,Central,Roads,Mobile app,Routine,120,230.8,Completed,Late,3.0
SR-00540,2025-03-03,East,Lighting,Walk-in,Routine,72,72.8,Completed,Late,3.0
SR-00950,2025-03-03,Central,Water,Web,Routine,36,44.9,Completed,Late,4.0
SR-01771,2025-03-03,East,Roads,Mobile app,Routine,120,103.5,Completed,On time,5.0
SR-02037,2025-03-03,South,Waste,Mobile app,Urgent,48,66.9,Completed,Late,3.0
SR-02200,2025-03-03,Central,Waste,Web,Routine,48,44.9,Completed,On time,3.0
SR-01314,2025-03-04,Central,Lighting,Mobile app,Routine,72,125.7,Completed,Late,2.0
SR-01413,2025-03-04,West,Lighting,Mobile app,Routine,72,148.4,Completed,Late,3.0
SR-01571,2025-03-04,South,Roads,Mobile app,Routine,120,81.7,Completed,On time,4.0
SR-02005,2025-03-04,South,Waste,Walk-in,Routine,48,72.0,Completed,Late,2.0
SR-00691,2025-03-05,East,Waste,Web,Routine,48,,Open,Open,
SR-01018,2025-03-05,South,Waste,Web,Routine,48,37.2,Completed,On time,5.0
SR-01135,2025-03-05,Central,Waste,Web,Routine,48,62.7,Completed,Late,3.0
SR-01353,2025-03-05,Central,Waste,Walk-in,Routine,48,60.6,Completed,Late,3.0
SR-01487,2025-03-05,South,Roads,Web,Routine,120,156.9,Completed,Late,2.0
SR-01658,2025-03-05,Central,Roads,Mobile app,Routine,120,166.6,Completed,Late,4.0
SR-01859,2025-03-05,North,Waste,Mobile app,Urgent,48,30.2,Completed,On time,5.0
SR-02128,2025-03-05,Central,Water,Mobile app,Routine,36,119.1,Completed,Late,3.0
SR-00154,2025-03-06,North,Water,Mobile app,Routine,36,49.0,Completed,Late,4.0
SR-00252,2025-03-06,Central,Waste,Phone,Routine,48,39.6,Completed,On time,5.0
SR-00392,2025-03-06,West,Lighting,Web,Routine,72,75.9,Completed,Late,4.0
SR-00828,2025-03-06,South,Roads,Web,Routine,120,125.6,Completed,Late,3.0
SR-00842,2025-03-06,Central,Roads,Mobile app,Urgent,120,136.7,Completed,Late,3.0
SR-01671,2025-03-06,North,Waste,Mobile app,Urgent,48,18.2,Completed,On time,5.0
SR-00207,2025-03-07,South,Waste,Mobile app,Routine,48,134.0,Completed,Late,3.0
SR-00493,2025-03-07,East,Lighting,Phone,Urgent,72,103.7,Completed,Late,3.0
SR-00587,2025-03-07,West,Waste,Web,Routine,48,39.3,Completed,On time,4.0
SR-01576,2025-03-07,Central,Water,Mobile app,Routine,36,83.1,Completed,Late,2.0
SR-01629,2025-03-07,South,Waste,Web,Urgent,48,85.3,Completed,Late,2.0
SR-01642,2025-03-07,West,Waste,Phone,Routine,48,65.5,Completed,Late,3.0
SR-01787,2025-03-07,North,Waste,Web,Routine,48,58.9,Completed,Late,3.0
SR-01846,2025-03-07,South,Waste,Walk-in,Routine,48,143.1,Completed,Late,3.0
SR-02026,2025-03-07,Central,Lighting,Walk-in,Routine,72,99.0,Completed,Late,3.0
SR-00142,2025-03-08,East,Lighting,Mobile app,Routine,72,65.7,Completed,On time,5.0
SR-00756,2025-03-08,North,Lighting,Mobile app,Routine,72,43.5,Completed,On time,5.0
SR-01444,2025-03-08,South,Lighting,Mobile app,Urgent,72,67.8,Completed,On time,5.0
SR-00025,2025-03-09,South,Waste,Phone,Routine,48,87.9,Completed,Late,2.0
SR-00239,2025-03-09,West,Water,Web,Routine,36,44.5,Completed,Late,3.0
SR-00853,2025-03-09,North,Lighting,Mobile app,Urgent,72,30.6,Completed,On time,4.0
SR-01941,2025-03-09,Central,Waste,Walk-in,Urgent,48,25.4,Completed,On time,4.0
SR-01962,2025-03-09,East,Roads,Web,Urgent,120,103.2,Completed,On time,3.0
SR-01995,2025-03-09,South,Roads,Walk-in,Routine,120,145.9,Completed,Late,3.0
SR-02171,2025-03-09,Central,Waste,Web,Routine,48,53.1,Completed,Late,3.0
SR-00331,2025-03-10,West,Waste,Mobile app,Routine,48,18.7,Completed,On time,5.0
SR-00376,2025-03-10,West,Waste,Phone,Routine,48,53.9,Completed,Late,3.0
SR-00874,2025-03-10,Central,Lighting,Web,Routine,72,459.5,Completed,Late,3.0
SR-01432,2025-03-10,East,Water,Phone,Routine,36,46.3,Completed,Late,4.0
SR-01873,2025-03-10,West,Waste,Walk-in,Routine,48,33.3,Completed,On time,4.0
SR-01978,2025-03-10,Central,Lighting,Phone,Routine,72,130.0,Completed,Late,3.0
SR-02385,2025-03-10,North,Water,Phone,Routine,36,52.7,Completed,Late,3.0
SR-00234,2025-03-11,West,Roads,Walk-in,Urgent,120,233.6,Completed,Late,2.0
SR-00250,2025-03-11,West,Lighting,Web,Routine,72,90.8,Completed,Late,3.0
SR-01267,2025-03-11,South,Water,Mobile app,Urgent,36,,Open,Open,
SR-01293,2025-03-11,North,Waste,Web,Routine,48,46.7,Completed,On time,4.0
SR-01335,2025-03-11,North,Waste,Web,Routine,48,54.8,Completed,Late,3.0
SR-01615,2025-03-11,East,Water,Mobile app,Urgent,36,54.1,Completed,Late,4.0
SR-01733,2025-03-11,East,Lighting,Mobile app,Routine,72,160.7,Completed,Late,2.0
SR-01972,2025-03-11,West,Lighting,Phone,Routine,72,122.1,Completed,Late,3.0
SR-02174,2025-03-11,West,Lighting,Web,Routine,72,53.7,Completed,On time,4.0
SR-00593,2025-03-12,Central,Waste,Mobile app,Critical,48,15.5,Completed,On time,4.0
SR-00812,2025-03-12,East,Roads,Phone,Urgent,120,64.1,Completed,On time,5.0
SR-01347,2025-03-12,North,Roads,Web,Routine,120,124.2,Completed,Late,3.0
SR-02076,2025-03-12,North,Lighting,Mobile app,Routine,72,63.7,Completed,On time,4.0
SR-02328,2025-03-12,South,Lighting,Web,Routine,72,74.6,Completed,Late,3.0
SR-02338,2025-03-12,Central,Waste,Mobile app,Routine,48,47.5,Completed,On time,4.0
SR-00096,2025-03-13,Central,Waste,Phone,Routine,48,28.5,Completed,On time,4.0
SR-00225,2025-03-13,East,Lighting,Mobile app,Urgent,72,39.7,Completed,On time,5.0
SR-01441,2025-03-13,West,Waste,Web,Routine,48,30.3,Completed,On time,5.0
SR-01458,2025-03-13,North,Roads,Web,Routine,120,96.1,Completed,On time,4.0
SR-01928,2025-03-13,East,Water,Mobile app,Routine,36,59.9,Completed,Late,2.0
SR-02315,2025-03-13,North,Lighting,Web,Routine,72,62.4,Completed,On time,5.0
SR-00750,2025-03-14,West,Waste,Mobile app,Routine,48,31.4,Completed,On time,4.0
SR-00839,2025-03-14,South,Waste,Walk-in,Urgent,48,13.4,Completed,On time,4.0
SR-00886,2025-03-14,South,Waste,Phone,Urgent,48,47.7,Completed,On time,5.0
SR-01268,2025-03-14,Central,Waste,Phone,Routine,48,56.8,Completed,Late,2.0
SR-00113,2025-03-15,West,Waste,Web,Routine,48,22.9,Completed,On time,4.0
SR-00775,2025-03-15,North,Water,Phone,Routine,36,12.4,Completed,On time,5.0
SR-01414,2025-03-15,South,Waste,Phone,Routine,48,,Open,Open,
SR-01583,2025-03-15,East,Roads,Web,Routine,120,115.4,Completed,On time,4.0
SR-02125,2025-03-15,South,Roads,Mobile app,Routine,120,234.9,Completed,Late,4.0
SR-02305,2025-03-15,East,Roads,Web,Routine,120,95.9,Completed,On time,4.0
SR-00264,2025-03-16,North,Roads,Phone,Routine,120,177.6,Completed,Late,4.0
SR-00366,2025-03-16,Central,Waste,Web,Urgent,48,31.2,Completed,On time,4.0
SR-00658,2025-03-16,South,Waste,Mobile app,Routine,48,59.9,Completed,Late,4.0
SR-00816,2025-03-16,South,Water,Web,Routine,36,76.3,Completed,Late,3.0
SR-00846,2025-03-16,Central,Roads,Mobile app,Routine,120,180.0,Completed,Late,2.0
SR-01118,2025-03-16,East,Roads,Phone,Urgent,120,158.6,Completed,Late,3.0
SR-02032,2025-03-16,East,Waste,Walk-in,Routine,48,22.2,Completed,On time,5.0
SR-02235,2025-03-16,North,Water,Mobile app,Routine,36,46.8,Completed,Late,2.0
SR-02387,2025-03-16,Central,Lighting,Mobile app,Routine,72,55.3,Completed,On time,4.0
SR-00070,2025-03-17,West,Roads,Phone,Urgent,120,216.6,Completed,Late,2.0
SR-00888,2025-03-17,South,Water,Web,Routine,36,50.7,Completed,Late,4.0
SR-00889,2025-03-17,South,Waste,Web,Urgent,48,28.7,Completed,On time,4.0
SR-01278,2025-03-17,Central,Waste,Walk-in,Urgent,48,33.6,Completed,On time,4.0
SR-01501,2025-03-17,West,Roads,Mobile app,Routine,120,112.5,Completed,On time,5.0
SR-01524,2025-03-17,North,Roads,Mobile app,Routine,120,134.5,Completed,Late,3.0
SR-01597,2025-03-17,West,Lighting,Mobile app,Routine,72,58.0,Completed,On time,5.0
SR-02213,2025-03-17,West,Roads,Web,Urgent,120,161.0,Completed,Late,3.0
SR-02258,2025-03-17,East,Water,Mobile app,Routine,36,,Open,Open,
SR-00075,2025-03-18,East,Lighting,Phone,Urgent,72,68.6,Completed,On time,3.0
SR-00078,2025-03-18,North,Lighting,Web,Routine,72,69.2,Completed,On time,4.0
SR-00687,2025-03-18,Central,Lighting,Web,Routine,72,61.6,Completed,On time,4.0
SR-00808,2025-03-18,East,Water,Phone,Routine,36,127.4,Completed,Late,4.0
SR-00924,2025-03-18,West,Waste,Walk-in,Routine,48,59.6,Completed,Late,3.0
SR-01088,2025-03-18,North,Water,Phone,Routine,36,,Open,Open,
SR-01212,2025-03-18,West,Lighting,Web,Routine,72,106.5,Completed,Late,4.0
SR-01233,2025-03-18,West,Roads,Web,Routine,120,220.1,Completed,Late,2.0
SR-01604,2025-03-18,South,Waste,Walk-in,Routine,48,63.7,Completed,Late,2.0
SR-00407,2025-03-19,South,Waste,Phone,Routine,48,67.3,Completed,Late,3.0
SR-00463,2025-03-19,Central,Roads,Mobile app,Urgent,120,120.8,Completed,Late,4.0
SR-00885,2025-03-19,South,Lighting,Mobile app,Routine,72,84.7,Completed,Late,3.0
SR-00906,2025-03-19,South,Waste,Mobile app,Routine,48,70.8,Completed,Late,3.0
SR-01744,2025-03-19,North,Waste,Web,Urgent,48,23.2,Completed,On time,4.0
SR-02386,2025-03-19,Central,Lighting,Mobile app,Critical,72,39.5,Completed,On time,4.0
SR-00448,2025-03-20,Central,Waste,Web,Routine,48,42.5,Completed,On time,4.0
SR-00833,2025-03-20,West,Lighting,Phone,Routine,72,71.3,Completed,On time,4.0
SR-00966,2025-03-20,Central,Lighting,Phone,Routine,72,27.2,Completed,On time,4.0
SR-00127,2025-03-21,North,Lighting,Phone,Urgent,72,24.7,Completed,On time,5.0
SR-00457,2025-03-21,South,Waste,Web,Urgent,48,51.9,Completed,Late,3.0
SR-00594,2025-03-21,Central,Lighting,Phone,Routine,72,60.0,Completed,On time,4.0
SR-00723,2025-03-21,Central,Water,Web,Routine,36,,Open,Open,
SR-00947,2025-03-21,East,Waste,Web,Routine,48,34.7,Completed,On time,5.0
SR-01057,2025-03-21,North,Waste,Mobile app,Routine,48,37.9,Completed,On time,4.0
SR-01440,2025-03-21,East,Water,Mobile app,Routine,36,15.3,Completed,On time,5.0
SR-01780,2025-03-21,East,Waste,Web,Critical,48,10.4,Completed,On time,5.0
SR-01930,2025-03-21,West,Lighting,Mobile app,Urgent,72,32.9,Completed,On time,4.0
SR-02029,2025-03-21,East,Waste,Mobile app,Routine,48,32.1,Completed,On time,4.0
SR-02136,2025-03-21,Central,Waste,Web,Routine,48,59.8,Completed,Late,3.0
SR-00311,2025-03-22,East,Water,Phone,Urgent,36,44.3,Completed,Late,3.0
SR-00393,2025-03-22,East,Waste,Web,Critical,48,31.4,Completed,On time,4.0
SR-00494,2025-03-22,Central,Lighting,Mobile app,Urgent,72,34.4,Completed,On time,4.0
SR-00589,2025-03-22,South,Water,Mobile app,Urgent,36,,Open,Open,
SR-00661,2025-03-22,Central,Lighting,Mobile app,Routine,72,98.7,Completed,Late,3.0
SR-01104,2025-03-22,Central,Waste,Web,Routine,48,41.7,Completed,On time,4.0
SR-01156,2025-03-22,Central,Lighting,Mobile app,Routine,72,104.6,Completed,Late,4.0
SR-01341,2025-03-22,North,Lighting,Web,Routine,72,,Open,Open,
SR-01466,2025-03-22,North,Waste,Mobile app,Routine,48,23.1,Completed,On time,4.0
SR-01556,2025-03-22,South,Water,Web,Urgent,36,50.1,Completed,Late,3.0
SR-01628,2025-03-22,East,Waste,Mobile app,Routine,48,54.5,Completed,Late,4.0
SR-01670,2025-03-22,West,Waste,Mobile app,Critical,48,16.0,Completed,On time,4.0
SR-01952,2025-03-22,South,Roads,Mobile app,Routine,120,274.4,Completed,Late,3.0
SR-02033,2025-03-22,West,Waste,Mobile app,Routine,48,43.1,Completed,On time,4.0
SR-00190,2025-03-23,West,Lighting,Mobile app,Critical,72,48.6,Completed,On time,4.0
SR-00585,2025-03-23,South,Roads,Mobile app,Urgent,120,185.4,Completed,Late,2.0
SR-00618,2025-03-23,West,Lighting,Mobile app,Routine,72,80.5,Completed,Late,4.0
SR-01024,2025-03-23,South,Waste,Phone,Routine,48,47.1,Completed,On time,4.0
SR-01538,2025-03-23,East,Roads,Mobile app,Urgent,120,62.1,Completed,On time,5.0
SR-01935,2025-03-23,South,Water,Web,Routine,36,37.5,Completed,Late,3.0
SR-02166,2025-03-23,North,Lighting,Web,Routine,72,,Open,Open,
SR-02181,2025-03-23,Central,Waste,Phone,Routine,48,26.7,Completed,On time,5.0
SR-02221,2025-03-23,East,Water,Web,Routine,36,73.2,Completed,Late,2.0
SR-00090,2025-03-24,North,Waste,Phone,Routine,48,36.5,Completed,On time,4.0
SR-00108,2025-03-24,Central,Waste,Mobile app,Routine,48,33.8,Completed,On time,4.0
SR-00296,2025-03-24,South,Water,Web,Routine,36,81.9,Completed,Late,2.0
SR-00611,2025-03-24,North,Waste,Web,Routine,48,,Open,Open,
SR-00719,2025-03-24,West,Lighting,Web,Urgent,72,46.9,Completed,On time,4.0
SR-01781,2025-03-24,South,Roads,Web,Urgent,120,159.8,Completed,Late,3.0
SR-01819,2025-03-24,East,Lighting,Phone,Routine,72,89.1,Completed,Late,4.0
SR-02289,2025-03-24,Central,Roads,Mobile app,Routine,120,277.5,Completed,Late,2.0
SR-00391,2025-03-25,East,Roads,Mobile app,Urgent,120,119.5,Completed,On time,3.0
SR-00499,2025-03-25,East,Waste,Mobile app,Routine,48,36.0,Completed,On time,4.0
SR-01438,2025-03-25,South,Waste,Phone,Urgent,48,38.2,Completed,On time,4.0
SR-01588,2025-03-25,South,Roads,Web,Routine,120,546.7,Completed,Late,3.0
SR-01648,2025-03-25,South,Lighting,Phone,Routine,72,75.6,Completed,Late,4.0
SR-01738,2025-03-25,Central,Waste,Phone,Routine,48,29.2,Completed,On time,5.0
SR-01977,2025-03-25,East,Roads,Web,Routine,120,312.4,Completed,Late,1.0
SR-02006,2025-03-25,South,Waste,Web,Routine,48,68.0,Completed,Late,3.0
SR-02159,2025-03-25,West,Lighting,Walk-in,Routine,72,132.7,Completed,Late,2.0
SR-02210,2025-03-25,Central,Roads,Web,Routine,120,228.6,Completed,Late,4.0
SR-02228,2025-03-25,Central,Waste,Web,Routine,48,59.5,Completed,Late,2.0
SR-00270,2025-03-26,West,Waste,Phone,Routine,48,30.1,Completed,On time,4.0
SR-00329,2025-03-26,East,Water,Mobile app,Routine,36,38.7,Completed,Late,3.0
SR-00762,2025-03-26,East,Lighting,Mobile app,Routine,72,103.1,Completed,Late,3.0
SR-01055,2025-03-26,East,Lighting,Mobile app,Routine,72,151.4,Completed,Late,4.0
SR-01079,2025-03-26,East,Roads,Walk-in,Routine,120,154.4,Completed,Late,3.0
SR-01166,2025-03-26,South,Waste,Phone,Routine,48,85.6,Completed,Late,3.0
SR-02113,2025-03-26,West,Lighting,Phone,Urgent,72,34.7,Completed,On time,4.0
SR-00168,2025-03-27,South,Water,Web,Routine,36,,Open,Open,
SR-00991,2025-03-27,Central,Waste,Web,Routine,48,55.6,Completed,Late,3.0
SR-01298,2025-03-27,Central,Roads,Web,Routine,120,166.6,Completed,Late,3.0
SR-01513,2025-03-27,West,Roads,Mobile app,Routine,120,76.2,Completed,On time,4.0
SR-01599,2025-03-27,East,Lighting,Mobile app,Routine,72,65.4,Completed,On time,4.0
SR-01694,2025-03-27,Central,Waste,Mobile app,Routine,48,47.1,Completed,On time,4.0
SR-00094,2025-03-28,West,Lighting,Mobile app,Routine,72,90.3,Completed,Late,4.0
SR-01041,2025-03-28,South,Waste,Walk-in,Routine,48,,Open,Open,
SR-01149,2025-03-28,South,Lighting,Web,Routine,72,85.1,Completed,Late,4.0
SR-01170,2025-03-28,Central,Roads,Phone,Routine,120,,Open,Open,
SR-01176,2025-03-28,West,Waste,Phone,Routine,48,18.6,Completed,On time,4.0
SR-01869,2025-03-28,Central,Waste,Mobile app,Routine,48,66.3,Completed,Late,2.0
SR-02395,2025-03-28,East,Water,Mobile app,Routine,36,45.9,Completed,Late,3.0
SR-00205,2025-03-29,West,Water,Phone,Routine,36,47.8,Completed,Late,3.0
SR-00435,2025-03-29,North,Lighting,Web,Routine,72,61.2,Completed,On time,4.0
SR-00926,2025-03-29,Central,Lighting,Mobile app,Routine,72,60.6,Completed,On time,5.0
SR-00983,2025-03-29,South,Lighting,Web,Routine,72,,Open,Open,
SR-01240,2025-03-29,Central,Lighting,Phone,Routine,72,75.0,Completed,Late,2.0
SR-01617,2025-03-29,Central,Lighting,Phone,Routine,72,65.6,Completed,On time,4.0
SR-01912,2025-03-29,South,Roads,Phone,Urgent,120,322.8,Completed,Late,3.0
SR-02065,2025-03-29,North,Waste,Walk-in,Routine,48,45.3,Completed,On time,5.0
SR-00243,2025-03-30,West,Lighting,Web,Routine,72,,Open,Open,
SR-00921,2025-03-30,West,Lighting,Mobile app,Routine,72,153.9,Completed,Late,3.0
SR-01301,2025-03-30,North,Lighting,Web,Routine,72,62.0,Completed,On time,4.0
SR-01509,2025-03-30,East,Waste,Walk-in,Routine,48,,Open,Open,
SR-02055,2025-03-30,North,Lighting,Phone,Routine,72,53.6,Completed,On time,5.0
SR-02064,2025-03-30,Central,Waste,Web,Routine,48,25.8,Completed,On time,5.0
SR-02186,2025-03-30,North,Waste,Web,Routine,48,,Open,Open,
SR-00118,2025-03-31,West,Lighting,Walk-in,Routine,72,61.9,Completed,On time,5.0
SR-00251,2025-03-31,North,Water,Walk-in,Routine,36,33.3,Completed,On time,5.0
SR-00572,2025-03-31,West,Lighting,Web,Routine,72,107.5,Completed,Late,3.0
SR-00968,2025-03-31,Central,Water,Phone,Urgent,36,19.5,Completed,On time,4.0
SR-01290,2025-03-31,Central,Roads,Walk-in,Urgent,120,81.4,Completed,On time,4.0
SR-01443,2025-03-31,Central,Water,Phone,Routine,36,48.3,Completed,Late,3.0
SR-01521,2025-03-31,West,Lighting,Web,Routine,72,,Open,Open,
SR-01849,2025-03-31,Central,Roads,Mobile app,Urgent,120,100.5,Completed,On time,3.0
SR-02114,2025-03-31,West,Lighting,Phone,Urgent,72,40.6,Completed,On time,4.0
SR-00827,2025-04-01,West,Water,Web,Routine,36,68.3,Completed,Late,5.0
SR-01709,2025-04-01,East,Water,Phone,Routine,36,73.1,Completed,Late,3.0
SR-00077,2025-04-02,Central,Waste,Web,Routine,48,62.6,Completed,Late,2.0
SR-00156,2025-04-02,South,Waste,Mobile app,Routine,48,118.7,Completed,Late,4.0
SR-00238,2025-04-02,South,Lighting,Phone,Routine,72,90.0,Completed,Late,2.0
SR-00915,2025-04-02,East,Roads,Phone,Routine,120,168.1,Completed,Late,4.0
SR-01343,2025-04-02,East,Water,Web,Routine,36,70.7,Completed,Late,3.0
SR-01544,2025-04-02,West,Waste,Phone,Routine,48,49.3,Completed,Late,4.0
SR-01761,2025-04-02,Central,Lighting,Web,Urgent,72,61.6,Completed,On time,5.0
SR-01897,2025-04-02,East,Water,Walk-in,Routine,36,52.3,Completed,Late,3.0
SR-02129,2025-04-02,South,Lighting,Web,Critical,72,40.8,Completed,On time,3.0
SR-00638,2025-04-03,Central,Water,Mobile app,Routine,36,28.9,Completed,On time,5.0
SR-00772,2025-04-03,North,Water,Mobile app,Routine,36,31.4,Completed,On time,5.0
SR-00841,2025-04-03,North,Water,Mobile app,Routine,36,44.1,Completed,Late,3.0
SR-01039,2025-04-03,Central,Lighting,Mobile app,Urgent,72,50.1,Completed,On time,5.0
SR-00361,2025-04-04,West,Water,Mobile app,Routine,36,69.4,Completed,Late,2.0
SR-00869,2025-04-04,North,Water,Mobile app,Routine,36,34.5,Completed,On time,4.0
SR-01369,2025-04-04,West,Waste,Web,Routine,48,19.6,Completed,On time,5.0
SR-01455,2025-04-04,South,Roads,Web,Routine,120,705.9,Completed,Late,3.0
SR-01527,2025-04-04,South,Water,Mobile app,Routine,36,,Open,Open,
SR-01737,2025-04-04,Central,Lighting,Phone,Routine,72,63.9,Completed,On time,5.0
SR-02199,2025-04-04,West,Roads,Phone,Routine,120,194.0,Completed,Late,2.0
SR-00085,2025-04-05,Central,Lighting,Walk-in,Critical,72,13.6,Completed,On time,4.0
SR-00182,2025-04-05,East,Roads,Web,Routine,120,149.5,Completed,Late,3.0
SR-00474,2025-04-05,West,Waste,Mobile app,Routine,48,60.7,Completed,Late,3.0
SR-00548,2025-04-05,South,Roads,Web,Routine,120,269.2,Completed,Late,2.0
SR-01575,2025-04-05,Central,Lighting,Phone,Routine,72,81.2,Completed,Late,3.0
SR-02335,2025-04-05,East,Roads,Web,Routine,120,135.5,Completed,Late,4.0
SR-00314,2025-04-06,Central,Roads,Mobile app,Urgent,120,215.4,Completed,Late,3.0
SR-00369,2025-04-06,Central,Lighting,Mobile app,Routine,72,85.3,Completed,Late,3.0
SR-00798,2025-04-06,South,Lighting,Web,Routine,72,146.8,Completed,Late,3.0
SR-01361,2025-04-06,Central,Waste,Web,Routine,48,53.9,Completed,Late,3.0
SR-01396,2025-04-06,South,Waste,Phone,Critical,48,,Open,Open,
SR-01498,2025-04-06,North,Roads,Web,Routine,120,287.0,Completed,Late,2.0
SR-01688,2025-04-06,East,Water,Mobile app,Urgent,36,41.8,Completed,Late,4.0
SR-00136,2025-04-07,Central,Water,Mobile app,Routine,36,39.5,Completed,Late,3.0
SR-00797,2025-04-07,East,Water,Phone,Routine,36,32.9,Completed,On time,4.0
SR-01755,2025-04-07,South,Lighting,Mobile app,Routine,72,286.6,Completed,Late,3.0
SR-02035,2025-04-07,North,Waste,Phone,Routine,48,40.9,Completed,On time,5.0
SR-01251,2025-04-08,West,Roads,Mobile app,Critical,120,51.6,Completed,On time,4.0
SR-01284,2025-04-08,East,Roads,Mobile app,Routine,120,295.3,Completed,Late,3.0
SR-01286,2025-04-08,North,Water,Web,Routine,36,37.9,Completed,Late,3.0
SR-02196,2025-04-08,East,Roads,Walk-in,Routine,120,241.1,Completed,Late,2.0
SR-00686,2025-04-09,West,Waste,Walk-in,Urgent,48,59.4,Completed,Late,3.0
SR-00905,2025-04-09,South,Roads,Mobile app,Routine,120,221.2,Completed,Late,2.0
SR-01069,2025-04-09,Central,Waste,Mobile app,Urgent,48,17.6,Completed,On time,4.0
SR-01110,2025-04-09,North,Lighting,Mobile app,Routine,72,48.2,Completed,On time,5.0
SR-01526,2025-04-09,West,Lighting,Phone,Urgent,72,43.0,Completed,On time,4.0
SR-01561,2025-04-09,Central,Lighting,Phone,Routine,72,71.0,Completed,On time,4.0
SR-02194,2025-04-09,Central,Roads,Mobile app,Routine,120,207.7,Completed,Late,2.0
SR-00124,2025-04-10,Central,Lighting,Web,Urgent,72,53.3,Completed,On time,5.0
SR-00232,2025-04-10,Central,Lighting,Mobile app,Routine,72,69.9,Completed,On time,3.0
SR-00356,2025-04-10,Central,Lighting,Mobile app,Urgent,72,34.4,Completed,On time,5.0
SR-00758,2025-04-10,South,Water,Mobile app,Routine,36,51.9,Completed,Late,2.0
SR-01380,2025-04-10,East,Water,Mobile app,Routine,36,36.2,Completed,Late,3.0
SR-01689,2025-04-10,Central,Waste,Mobile app,Routine,48,,Open,Open,
SR-01870,2025-04-10,South,Waste,Web,Routine,48,49.0,Completed,Late,2.0
SR-00151,2025-04-11,West,Lighting,Web,Routine,72,119.2,Completed,Late,2.0
SR-00406,2025-04-11,West,Waste,Mobile app,Routine,48,63.0,Completed,Late,4.0
SR-00688,2025-04-11,East,Waste,Web,Routine,48,109.1,Completed,Late,3.0
SR-00742,2025-04-11,Central,Water,Web,Urgent,36,27.5,Completed,On time,5.0
SR-01382,2025-04-11,North,Lighting,Phone,Urgent,72,26.1,Completed,On time,4.0
SR-01924,2025-04-11,Central,Water,Web,Critical,36,13.4,Completed,On time,4.0
SR-02298,2025-04-11,North,Water,Mobile app,Routine,36,42.0,Completed,Late,3.0
SR-00178,2025-04-12,South,Water,Phone,Routine,36,96.2,Completed,Late,4.0
SR-02112,2025-04-12,East,Water,Mobile app,Routine,36,96.7,Completed,Late,2.0
SR-02140,2025-04-12,Central,Lighting,Web,Routine,72,139.3,Completed,Late,4.0
SR-02247,2025-04-12,East,Roads,Phone,Critical,120,35.6,Completed,On time,5.0
SR-00402,2025-04-13,Central,Waste,Mobile app,Urgent,48,12.3,Completed,On time,5.0
SR-00522,2025-04-13,East,Waste,Walk-in,Routine,48,54.6,Completed,Late,3.0
SR-00242,2025-04-14,East,Roads,Mobile app,Urgent,120,60.6,Completed,On time,5.0
SR-00745,2025-04-14,Central,Roads,Mobile app,Urgent,120,271.6,Completed,Late,3.0
SR-01019,2025-04-14,North,Waste,Phone,Routine,48,44.1,Completed,On time,5.0
SR-01129,2025-04-14,Central,Roads,Phone,Routine,120,332.9,Completed,Late,2.0
SR-01190,2025-04-14,North,Roads,Walk-in,Urgent,120,125.8,Completed,Late,2.0
SR-00588,2025-04-15,North,Water,Phone,Routine,36,54.9,Completed,Late,3.0
SR-00873,2025-04-15,West,Roads,Walk-in,Routine,120,130.4,Completed,Late,3.0
SR-00979,2025-04-15,East,Lighting,Mobile app,Urgent,72,74.6,Completed,Late,3.0
SR-01191,2025-04-15,North,Roads,Mobile app,Urgent,120,78.0,Completed,On time,5.0
SR-01906,2025-04-15,Central,Roads,Mobile app,Routine,120,220.8,Completed,Late,3.0
SR-02095,2025-04-15,East,Lighting,Web,Urgent,72,49.4,Completed,On time,4.0
SR-00044,2025-04-16,South,Lighting,Mobile app,Routine,72,75.1,Completed,Late,3.0
SR-00237,2025-04-16,South,Waste,Mobile app,Urgent,48,41.8,Completed,On time,5.0
SR-00974,2025-04-16,Central,Lighting,Mobile app,Routine,72,138.6,Completed,Late,2.0
SR-01054,2025-04-16,Central,Waste,Web,Routine,48,34.6,Completed,On time,5.0
SR-01266,2025-04-16,West,Roads,Web,Urgent,120,131.8,Completed,Late,3.0
SR-01450,2025-04-16,North,Water,Web,Routine,36,29.8,Completed,On time,4.0
SR-01847,2025-04-16,North,Waste,Mobile app,Routine,48,36.7,Completed,On time,5.0
SR-02072,2025-04-16,Central,Roads,Phone,Routine,120,137.5,Completed,Late,2.0
SR-00023,2025-04-17,South,Water,Walk-in,Routine,36,,Open,Open,
SR-00028,2025-04-17,South,Waste,Mobile app,Urgent,48,56.8,Completed,Late,2.0
SR-00419,2025-04-17,West,Lighting,Phone,Urgent,72,75.5,Completed,Late,3.0
SR-00825,2025-04-17,Central,Waste,Walk-in,Routine,48,28.9,Completed,On time,5.0
SR-01171,2025-04-17,East,Lighting,Walk-in,Routine,72,,Open,Open,
SR-01258,2025-04-17,East,Roads,Phone,Routine,120,365.3,Completed,Late,4.0
SR-01482,2025-04-17,East,Roads,Mobile app,Routine,120,,Open,Open,
SR-01684,2025-04-17,North,Waste,Walk-in,Critical,48,19.4,Completed,On time,5.0
SR-02075,2025-04-17,East,Waste,Mobile app,Routine,48,21.9,Completed,On time,4.0
SR-02206,2025-04-17,West,Lighting,Walk-in,Routine,72,57.8,Completed,On time,4.0
SR-02276,2025-04-17,East,Roads,Web,Routine,120,104.5,Completed,On time,5.0
SR-00321,2025-04-18,North,Waste,Mobile app,Routine,48,38.0,Completed,On time,5.0
SR-00326,2025-04-18,West,Roads,Mobile app,Critical,120,68.4,Completed,On time,4.0
SR-00475,2025-04-18,Central,Water,Phone,Routine,36,98.9,Completed,Late,2.0
SR-00866,2025-04-18,Central,Roads,Mobile app,Routine,120,110.2,Completed,On time,4.0
SR-00876,2025-04-18,South,Lighting,Phone,Routine,72,126.9,Completed,Late,4.0
SR-01064,2025-04-18,West,Water,Web,Routine,36,45.1,Completed,Late,3.0
SR-01183,2025-04-18,South,Waste,Web,Routine,48,190.4,Completed,Late,3.0
SR-01370,2025-04-18,East,Roads,Mobile app,Routine,120,191.5,Completed,Late,5.0
SR-01493,2025-04-18,South,Water,Web,Routine,36,81.0,Completed,Late,3.0
SR-01793,2025-04-18,North,Lighting,Web,Routine,72,91.7,Completed,Late,4.0
SR-01879,2025-04-18,West,Waste,Mobile app,Urgent,48,49.9,Completed,Late,2.0
SR-01920,2025-04-18,West,Water,Phone,Critical,36,17.8,Completed,On time,4.0
SR-02063,2025-04-18,East,Lighting,Phone,Routine,72,110.4,Completed,Late,2.0
SR-02135,2025-04-18,East,Lighting,Phone,Routine,72,103.0,Completed,Late,3.0
SR-00510,2025-04-19,West,Waste,Walk-in,Routine,48,47.4,Completed,On time,5.0
SR-00602,2025-04-19,North,Waste,Phone,Routine,48,106.8,Completed,Late,2.0
SR-00675,2025-04-19,North,Waste,Phone,Routine,48,30.4,Completed,On time,4.0
SR-00755,2025-04-19,North,Lighting,Phone,Routine,72,75.9,Completed,Late,4.0
SR-00813,2025-04-19,East,Water,Phone,Routine,36,114.8,Completed,Late,4.0
SR-01010,2025-04-19,Central,Waste,Mobile app,Urgent,48,76.9,Completed,Late,2.0
SR-01949,2025-04-19,East,Waste,Mobile app,Urgent,48,14.8,Completed,On time,4.0
SR-00732,2025-04-20,Central,Water,Mobile app,Urgent,36,63.2,Completed,Late,4.0
SR-01255,2025-04-20,North,Waste,Mobile app,Routine,48,45.0,Completed,On time,4.0
SR-02351,2025-04-20,North,Roads,Web,Urgent,120,84.4,Completed,On time,4.0
SR-00503,2025-04-21,East,Roads,Walk-in,Routine,120,184.1,Completed,Late,4.0
SR-00512,2025-04-21,South,Roads,Web,Urgent,120,,Open,Open,
SR-00697,2025-04-21,Central,Roads,Mobile app,Routine,120,,Open,Open,
SR-01746,2025-04-21,East,Roads,Phone,Routine,120,87.0,Completed,On time,4.0
SR-01786,2025-04-21,Central,Roads,Phone,Routine,120,67.8,Completed,On time,5.0
SR-01806,2025-04-21,Central,Roads,Phone,Critical,120,33.7,Completed,On time,5.0
SR-02041,2025-04-21,North,Water,Web,Routine,36,39.9,Completed,Late,3.0
SR-00653,2025-04-22,South,Roads,Phone,Routine,120,285.2,Completed,Late,3.0
SR-00663,2025-04-22,North,Waste,Phone,Routine,48,49.8,Completed,Late,3.0
SR-00916,2025-04-22,South,Roads,Mobile app,Routine,120,382.4,Completed,Late,2.0
SR-00919,2025-04-22,South,Lighting,Phone,Routine,72,57.4,Completed,On time,4.0
SR-01322,2025-04-22,South,Lighting,Web,Routine,72,,Open,Open,
SR-00258,2025-04-23,West,Roads,Mobile app,Routine,120,73.2,Completed,On time,4.0
SR-00674,2025-04-23,North,Waste,Web,Critical,48,31.4,Completed,On time,3.0
SR-00925,2025-04-23,Central,Roads,Mobile app,Urgent,120,115.9,Completed,On time,4.0
SR-00988,2025-04-23,West,Lighting,Mobile app,Routine,72,,Open,Open,
SR-01089,2025-04-23,North,Waste,Walk-in,Routine,48,50.1,Completed,Late,2.0
SR-01817,2025-04-23,West,Lighting,Phone,Routine,72,108.4,Completed,Late,3.0
SR-02082,2025-04-23,South,Waste,Walk-in,Urgent,48,48.3,Completed,Late,3.0
SR-00809,2025-04-24,West,Water,Phone,Routine,36,57.4,Completed,Late,3.0
SR-00929,2025-04-24,West,Lighting,Walk-in,Routine,72,66.5,Completed,On time,4.0
SR-01017,2025-04-24,South,Lighting,Phone,Routine,72,81.4,Completed,Late,3.0
SR-01835,2025-04-24,West,Lighting,Phone,Urgent,72,71.7,Completed,On time,5.0
SR-02092,2025-04-24,Central,Water,Mobile app,Urgent,36,32.3,Completed,On time,4.0
SR-00177,2025-04-25,Central,Lighting,Web,Routine,72,53.7,Completed,On time,4.0
SR-00233,2025-04-25,West,Waste,Mobile app,Urgent,48,45.5,Completed,On time,5.0
SR-00409,2025-04-25,North,Lighting,Phone,Routine,72,73.2,Completed,Late,4.0
SR-00514,2025-04-25,South,Lighting,Web,Urgent,72,,Open,Open,
SR-00569,2025-04-25,South,Lighting,Web,Critical,72,44.7,Completed,On time,5.0
SR-00606,2025-04-25,East,Lighting,Web,Routine,72,61.9,Completed,On time,5.0
SR-00994,2025-04-25,West,Waste,Mobile app,Urgent,48,57.8,Completed,Late,3.0
SR-01552,2025-04-25,North,Waste,Mobile app,Urgent,48,38.3,Completed,On time,4.0
SR-01707,2025-04-25,Central,Water,Phone,Routine,36,32.1,Completed,On time,4.0
SR-02358,2025-04-25,East,Lighting,Mobile app,Urgent,72,78.6,Completed,Late,4.0
SR-00195,2025-04-26,North,Roads,Mobile app,Routine,120,177.5,Completed,Late,4.0
SR-00338,2025-04-26,East,Lighting,Phone,Routine,72,78.5,Completed,Late,2.0
SR-00541,2025-04-26,West,Water,Mobile app,Routine,36,122.1,Completed,Late,2.0
SR-00612,2025-04-26,South,Water,Phone,Routine,36,63.1,Completed,Late,2.0
SR-00792,2025-04-26,North,Waste,Phone,Urgent,48,31.5,Completed,On time,5.0
SR-01037,2025-04-26,Central,Water,Mobile app,Routine,36,80.1,Completed,Late,3.0
SR-01309,2025-04-26,Central,Waste,Phone,Urgent,48,100.4,Completed,Late,2.0
SR-02137,2025-04-26,Central,Waste,Mobile app,Routine,48,42.5,Completed,On time,3.0
SR-00147,2025-04-27,South,Lighting,Walk-in,Routine,72,,Open,Open,
SR-00191,2025-04-27,North,Water,Phone,Routine,36,21.9,Completed,On time,5.0
SR-00197,2025-04-27,Central,Lighting,Mobile app,Routine,72,76.0,Completed,Late,3.0
SR-00287,2025-04-27,Central,Waste,Web,Routine,48,39.3,Completed,On time,5.0
SR-00427,2025-04-27,North,Water,Phone,Routine,36,33.1,Completed,On time,3.0
SR-00657,2025-04-27,North,Waste,Web,Routine,48,68.0,Completed,Late,4.0
SR-00836,2025-04-27,East,Waste,Web,Urgent,48,43.4,Completed,On time,5.0
SR-00850,2025-04-27,North,Roads,Phone,Routine,120,162.9,Completed,Late,2.0
SR-01404,2025-04-27,East,Lighting,Mobile app,Critical,72,27.4,Completed,On time,3.0
SR-02025,2025-04-27,North,Water,Web,Routine,36,49.4,Completed,Late,2.0
SR-02204,2025-04-27,West,Lighting,Mobile app,Routine,72,61.4,Completed,On time,5.0
SR-02330,2025-04-27,South,Lighting,Web,Critical,72,49.3,Completed,On time,4.0
SR-00938,2025-04-28,North,Waste,Mobile app,Routine,48,22.9,Completed,On time,4.0
SR-00942,2025-04-28,South,Lighting,Phone,Routine,72,82.2,Completed,Late,2.0
SR-01333,2025-04-28,East,Lighting,Mobile app,Critical,72,30.3,Completed,On time,5.0
SR-01611,2025-04-28,South,Water,Phone,Routine,36,,Open,Open,
SR-01721,2025-04-28,Central,Waste,Mobile app,Urgent,48,45.9,Completed,On time,5.0
SR-01790,2025-04-28,Central,Waste,Web,Routine,48,81.3,Completed,Late,2.0
SR-01884,2025-04-28,South,Waste,Mobile app,Routine,48,64.6,Completed,Late,3.0
SR-00318,2025-04-29,West,Waste,Web,Routine,48,53.1,Completed,Late,4.0
SR-00542,2025-04-29,North,Lighting,Phone,Urgent,72,41.3,Completed,On time,4.0
SR-00665,2025-04-29,West,Lighting,Web,Urgent,72,81.5,Completed,Late,2.0
SR-00716,2025-04-29,East,Roads,Mobile app,Routine,120,74.1,Completed,On time,4.0
SR-01023,2025-04-29,West,Lighting,Web,Routine,72,58.6,Completed,On time,5.0
SR-01067,2025-04-29,Central,Lighting,Walk-in,Routine,72,106.1,Completed,Late,4.0
SR-01510,2025-04-29,South,Water,Mobile app,Urgent,36,53.6,Completed,Late,3.0
SR-01772,2025-04-29,Central,Roads,Web,Urgent,120,138.6,Completed,Late,3.0
SR-02205,2025-04-29,East,Lighting,Web,Urgent,72,70.4,Completed,On time,4.0
SR-00160,2025-04-30,Central,Waste,Walk-in,Routine,48,82.3,Completed,Late,3.0
SR-00259,2025-04-30,Central,Water,Web,Routine,36,25.4,Completed,On time,4.0
SR-00511,2025-04-30,South,Lighting,Web,Urgent,72,65.2,Completed,On time,4.0
SR-01006,2025-04-30,East,Water,Mobile app,Routine,36,39.1,Completed,Late,3.0
SR-01113,2025-04-30,North,Water,Phone,Urgent,36,26.4,Completed,On time,4.0
SR-02087,2025-04-30,East,Lighting,Phone,Routine,72,77.8,Completed,Late,4.0
SR-00560,2025-05-01,West,Waste,Walk-in,Routine,48,109.9,Completed,Late,3.0
SR-00571,2025-05-01,Central,Water,Mobile app,Routine,36,78.1,Completed,Late,3.0
SR-02193,2025-05-01,West,Roads,Walk-in,Routine,120,95.4,Completed,On time,4.0
SR-02225,2025-05-01,North,Waste,Walk-in,Routine,48,172.4,Completed,Late,2.0
SR-02382,2025-05-01,Central,Water,Walk-in,Routine,36,26.4,Completed,On time,4.0
SR-00014,2025-05-02,East,Roads,Phone,Routine,120,69.8,Completed,On time,4.0
SR-00793,2025-05-02,East,Waste,Web,Critical,48,12.4,Completed,On time,5.0
SR-00807,2025-05-02,West,Waste,Phone,Routine,48,118.7,Completed,Late,4.0
SR-01207,2025-05-02,South,Water,Web,Urgent,36,52.1,Completed,Late,4.0
SR-01222,2025-05-02,East,Water,Web,Urgent,36,27.9,Completed,On time,5.0
SR-01274,2025-05-02,Central,Lighting,Phone,Critical,72,26.5,Completed,On time,5.0
SR-01394,2025-05-02,South,Lighting,Mobile app,Routine,72,146.0,Completed,Late,3.0
SR-01682,2025-05-02,Central,Lighting,Mobile app,Routine,72,70.7,Completed,On time,3.0
SR-01815,2025-05-02,East,Lighting,Mobile app,Urgent,72,61.5,Completed,On time,4.0
SR-02080,2025-05-02,South,Lighting,Web,Routine,72,60.0,Completed,On time,5.0
SR-00350,2025-05-03,West,Roads,Web,Routine,120,357.2,Completed,Late,2.0
SR-00747,2025-05-03,Central,Lighting,Web,Routine,72,114.0,Completed,Late,4.0
SR-00922,2025-05-03,North,Waste,Walk-in,Urgent,48,22.5,Completed,On time,5.0
SR-01679,2025-05-03,West,Lighting,Phone,Routine,72,,Open,Open,
SR-01922,2025-05-03,South,Roads,Phone,Routine,120,136.8,Completed,Late,3.0
SR-02270,2025-05-03,West,Waste,Mobile app,Routine,48,81.1,Completed,Late,2.0
SR-02309,2025-05-03,North,Waste,Mobile app,Routine,48,35.8,Completed,On time,5.0
SR-00814,2025-05-04,South,Waste,Mobile app,Routine,48,61.3,Completed,Late,4.0
SR-00914,2025-05-04,East,Roads,Web,Routine,120,,Open,Open,
SR-01102,2025-05-04,South,Waste,Walk-in,Critical,48,17.1,Completed,On time,5.0
SR-01300,2025-05-04,North,Water,Web,Routine,36,36.0,Completed,On time,5.0
SR-01545,2025-05-04,East,Water,Mobile app,Routine,36,59.0,Completed,Late,2.0
SR-00495,2025-05-05,Central,Roads,Walk-in,Urgent,120,154.2,Completed,Late,3.0
SR-00599,2025-05-05,East,Lighting,Walk-in,Routine,72,147.4,Completed,Late,3.0
SR-00641,2025-05-05,West,Water,Mobile app,Routine,36,32.0,Completed,On time,5.0
SR-01210,2025-05-05,East,Waste,Phone,Urgent,48,53.7,Completed,Late,4.0
SR-01317,2025-05-05,Central,Roads,Mobile app,Routine,120,211.7,Completed,Late,3.0
SR-01802,2025-05-05,East,Waste,Mobile app,Routine,48,48.4,Completed,Late,3.0
SR-01927,2025-05-05,South,Lighting,Web,Urgent,72,61.7,Completed,On time,4.0
SR-02056,2025-05-05,West,Water,Phone,Routine,36,21.0,Completed,On time,3.0
SR-02378,2025-05-05,East,Roads,Phone,Routine,120,230.5,Completed,Late,4.0
SR-00035,2025-05-06,South,Waste,Phone,Urgent,48,31.0,Completed,On time,5.0
SR-00131,2025-05-06,South,Water,Phone,Routine,36,27.1,Completed,On time,4.0
SR-00153,2025-05-06,Central,Lighting,Phone,Routine,72,38.6,Completed,On time,5.0
SR-01072,2025-05-06,Central,Water,Mobile app,Routine,36,30.3,Completed,On time,3.0
SR-01469,2025-05-06,Central,Waste,Web,Urgent,48,26.7,Completed,On time,4.0
SR-01896,2025-05-06,East,Lighting,Mobile app,Routine,72,51.0,Completed,On time,5.0
SR-00567,2025-05-07,Central,Lighting,Web,Routine,72,34.5,Completed,On time,3.0
SR-00734,2025-05-07,North,Lighting,Web,Urgent,72,50.5,Completed,On time,5.0
SR-01060,2025-05-07,North,Roads,Phone,Critical,120,67.3,Completed,On time,4.0
SR-02059,2025-05-07,Central,Waste,Mobile app,Routine,48,59.2,Completed,Late,4.0
SR-02234,2025-05-07,South,Roads,Mobile app,Routine,120,350.0,Completed,Late,3.0
SR-00400,2025-05-08,North,Roads,Phone,Routine,120,74.7,Completed,On time,5.0
SR-00763,2025-05-08,Central,Waste,Web,Routine,48,22.5,Completed,On time,4.0
SR-01052,2025-05-08,Central,Water,Phone,Urgent,36,26.2,Completed,On time,4.0
SR-01139,2025-05-08,East,Waste,Walk-in,Routine,48,30.2,Completed,On time,5.0
SR-02050,2025-05-08,East,Lighting,Phone,Routine,72,119.4,Completed,Late,3.0
SR-00062,2025-05-09,Central,Roads,Phone,Urgent,120,,Open,Open,
SR-00349,2025-05-09,South,Waste,Walk-in,Routine,48,59.4,Completed,Late,4.0
SR-00598,2025-05-09,West,Roads,Phone,Routine,120,,Open,Open,
SR-01214,2025-05-09,West,Roads,Phone,Urgent,120,,Open,Open,
SR-01269,2025-05-09,West,Waste,Mobile app,Routine,48,48.8,Completed,Late,2.0
SR-01530,2025-05-09,East,Lighting,Phone,Urgent,72,42.9,Completed,On time,5.0
SR-01668,2025-05-09,South,Lighting,Phone,Urgent,72,51.1,Completed,On time,3.0
SR-00332,2025-05-10,North,Roads,Web,Routine,120,126.2,Completed,Late,3.0
SR-00803,2025-05-10,West,Waste,Phone,Urgent,48,39.1,Completed,On time,4.0
SR-00819,2025-05-10,North,Roads,Mobile app,Urgent,120,37.8,Completed,On time,5.0
SR-01378,2025-05-10,North,Roads,Phone,Routine,120,366.5,Completed,Late,4.0
SR-01387,2025-05-10,South,Lighting,Phone,Routine,72,193.8,Completed,Late,3.0
SR-01697,2025-05-10,West,Waste,Web,Urgent,48,33.5,Completed,On time,4.0
SR-02365,2025-05-10,East,Lighting,Web,Routine,72,,Open,Open,
SR-00273,2025-05-11,Central,Lighting,Phone,Routine,72,72.2,Completed,Late,2.0
SR-00701,2025-05-11,South,Roads,Web,Critical,120,68.2,Completed,On time,5.0
SR-00760,2025-05-11,West,Waste,Phone,Routine,48,41.2,Completed,On time,4.0
SR-00802,2025-05-11,East,Lighting,Mobile app,Routine,72,88.1,Completed,Late,2.0
SR-01868,2025-05-11,North,Water,Phone,Routine,36,24.7,Completed,On time,5.0
SR-02287,2025-05-11,East,Lighting,Walk-in,Routine,72,,Open,Open,
SR-02356,2025-05-11,South,Lighting,Web,Routine,72,71.9,Completed,On time,5.0
SR-01321,2025-05-12,East,Waste,Mobile app,Routine,48,73.2,Completed,Late,3.0
SR-01477,2025-05-12,Central,Water,Phone,Urgent,36,40.0,Completed,Late,3.0
SR-01860,2025-05-12,North,Water,Phone,Urgent,36,,Open,Open,
SR-02295,2025-05-12,West,Lighting,Mobile app,Routine,72,150.2,Completed,Late,3.0
SR-02318,2025-05-12,North,Lighting,Phone,Routine,72,146.4,Completed,Late,2.0
SR-00650,2025-05-13,South,Roads,Phone,Routine,120,323.5,Completed,Late,3.0
SR-01038,2025-05-13,East,Roads,Web,Routine,120,157.8,Completed,Late,3.0
SR-01127,2025-05-13,North,Waste,Phone,Routine,48,22.1,Completed,On time,4.0
SR-01577,2025-05-13,East,Roads,Mobile app,Routine,120,126.8,Completed,Late,3.0
SR-01612,2025-05-13,West,Waste,Walk-in,Urgent,48,33.1,Completed,On time,4.0
SR-01692,2025-05-13,South,Water,Mobile app,Routine,36,,Open,Open,
SR-02019,2025-05-13,North,Water,Walk-in,Routine,36,48.3,Completed,Late,3.0
SR-02388,2025-05-13,South,Lighting,Walk-in,Critical,72,26.6,Completed,On time,5.0
SR-00935,2025-05-14,South,Roads,Mobile app,Routine,120,87.9,Completed,On time,4.0
SR-01454,2025-05-14,South,Roads,Phone,Routine,120,275.3,Completed,Late,3.0
SR-01730,2025-05-14,East,Water,Phone,Routine,36,46.8,Completed,Late,2.0
SR-01944,2025-05-14,South,Roads,Phone,Routine,120,160.9,Completed,Late,4.0
SR-00468,2025-05-15,West,Waste,Phone,Routine,48,,Open,Open,
SR-00534,2025-05-15,South,Lighting,Phone,Routine,72,31.2,Completed,On time,4.0
SR-00544,2025-05-15,South,Lighting,Web,Routine,72,88.9,Completed,Late,3.0
SR-01197,2025-05-15,East,Water,Mobile app,Routine,36,52.8,Completed,Late,2.0
SR-01272,2025-05-15,East,Lighting,Phone,Routine,72,132.4,Completed,Late,2.0
SR-01386,2025-05-15,East,Lighting,Mobile app,Urgent,72,64.4,Completed,On time,4.0
SR-01659,2025-05-15,South,Lighting,Mobile app,Routine,72,124.3,Completed,Late,3.0
SR-01765,2025-05-15,South,Water,Mobile app,Urgent,36,22.6,Completed,On time,4.0
SR-01144,2025-05-16,South,Waste,Walk-in,Urgent,48,62.7,Completed,Late,4.0
SR-02246,2025-05-16,South,Waste,Mobile app,Routine,48,70.8,Completed,Late,2.0
SR-00087,2025-05-17,South,Lighting,Walk-in,Routine,72,54.6,Completed,On time,4.0
SR-01174,2025-05-17,South,Waste,Mobile app,Routine,48,152.4,Completed,Late,2.0
SR-01346,2025-05-17,South,Waste,Web,Routine,48,80.1,Completed,Late,3.0
SR-01881,2025-05-17,South,Waste,Walk-in,Urgent,48,30.7,Completed,On time,5.0
SR-02020,2025-05-17,Central,Roads,Web,Urgent,120,76.9,Completed,On time,4.0
SR-02255,2025-05-17,East,Waste,Web,Routine,48,36.7,Completed,On time,4.0
SR-02380,2025-05-17,East,Waste,Walk-in,Critical,48,13.2,Completed,On time,3.0
SR-00193,2025-05-18,West,Roads,Mobile app,Routine,120,83.6,Completed,On time,4.0
SR-00355,2025-05-18,West,Roads,Web,Routine,120,334.8,Completed,Late,3.0
SR-00440,2025-05-18,Central,Roads,Web,Routine,120,164.0,Completed,Late,3.0
SR-00442,2025-05-18,South,Lighting,Phone,Routine,72,123.8,Completed,Late,2.0
SR-01128,2025-05-18,South,Waste,Mobile app,Urgent,48,36.0,Completed,On time,5.0
SR-01373,2025-05-18,South,Waste,Walk-in,Urgent,48,68.8,Completed,Late,4.0
SR-01725,2025-05-18,North,Roads,Mobile app,Urgent,120,93.7,Completed,On time,4.0
SR-01773,2025-05-18,South,Lighting,Mobile app,Urgent,72,62.2,Completed,On time,5.0
SR-01911,2025-05-18,West,Water,Phone,Routine,36,35.2,Completed,On time,4.0
SR-01969,2025-05-18,South,Water,Web,Routine,36,58.5,Completed,Late,2.0
SR-00047,2025-05-19,West,Roads,Phone,Urgent,120,182.2,Completed,Late,5.0
SR-02119,2025-05-19,South,Water,Walk-in,Urgent,36,21.2,Completed,On time,5.0
SR-00346,2025-05-20,East,Lighting,Mobile app,Routine,72,,Open,Open,
SR-00374,2025-05-20,East,Lighting,Mobile app,Routine,72,53.6,Completed,On time,3.0
SR-00708,2025-05-20,South,Waste,Web,Routine,48,78.4,Completed,Late,3.0
SR-01467,2025-05-20,Central,Lighting,Mobile app,Critical,72,24.9,Completed,On time,4.0
SR-00137,2025-05-21,West,Waste,Mobile app,Routine,48,55.8,Completed,Late,3.0
SR-00249,2025-05-21,North,Roads,Mobile app,Routine,120,127.6,Completed,Late,3.0
SR-01937,2025-05-21,West,Roads,Web,Urgent,120,165.7,Completed,Late,3.0
SR-01957,2025-05-21,East,Waste,Mobile app,Urgent,48,53.2,Completed,Late,3.0
SR-02058,2025-05-21,North,Waste,Web,Routine,48,64.5,Completed,Late,3.0
SR-00148,2025-05-22,North,Roads,Phone,Routine,120,228.3,Completed,Late,3.0
SR-01778,2025-05-22,South,Lighting,Phone,Routine,72,55.0,Completed,On time,4.0
SR-01940,2025-05-22,South,Waste,Web,Critical,48,32.0,Completed,On time,4.0
SR-01955,2025-05-22,Central,Water,Web,Routine,36,41.9,Completed,Late,3.0
SR-02153,2025-05-22,Central,Water,Mobile app,Routine,36,,Open,Open,
SR-02329,2025-05-22,East,Lighting,Phone,Routine,72,86.8,Completed,Late,3.0
SR-00083,2025-05-23,East,Roads,Web,Urgent,120,172.8,Completed,Late,3.0
SR-00479,2025-05-23,West,Roads,Phone,Routine,120,127.0,Completed,Late,3.0
SR-01417,2025-05-23,Central,Lighting,Web,Routine,72,48.4,Completed,On time,3.0
SR-01681,2025-05-23,Central,Water,Phone,Routine,36,42.8,Completed,Late,3.0
SR-01702,2025-05-23,Central,Water,Web,Routine,36,48.5,Completed,Late,3.0
SR-02074,2025-05-23,East,Roads,Mobile app,Urgent,120,182.9,Completed,Late,4.0
SR-00565,2025-05-24,West,Waste,Web,Routine,48,78.3,Completed,Late,2.0
SR-00939,2025-05-24,West,Waste,Walk-in,Routine,48,67.6,Completed,Late,2.0
SR-01388,2025-05-24,East,Lighting,Web,Routine,72,65.9,Completed,On time,5.0
SR-01428,2025-05-24,North,Waste,Mobile app,Routine,48,39.9,Completed,On time,3.0
SR-02117,2025-05-24,South,Lighting,Web,Routine,72,77.4,Completed,Late,2.0
SR-02242,2025-05-24,Central,Waste,Mobile app,Routine,48,44.1,Completed,On time,5.0
SR-02268,2025-05-24,West,Waste,Walk-in,Routine,48,95.3,Completed,Late,2.0
SR-00052,2025-05-25,Central,Roads,Mobile app,Urgent,120,118.4,Completed,On time,4.0
SR-00121,2025-05-25,Central,Roads,Web,Routine,120,108.7,Completed,On time,5.0
SR-00155,2025-05-25,South,Waste,Web,Critical,48,25.4,Completed,On time,5.0
SR-00433,2025-05-25,Central,Roads,Phone,Critical,120,91.0,Completed,On time,5.0
SR-00637,2025-05-25,Central,Water,Web,Routine,36,42.1,Completed,Late,3.0
SR-00668,2025-05-25,Central,Waste,Web,Urgent,48,36.0,Completed,On time,5.0
SR-00801,2025-05-25,Central,Waste,Phone,Routine,48,25.3,Completed,On time,5.0
SR-00844,2025-05-25,South,Water,Mobile app,Routine,36,45.3,Completed,Late,4.0
SR-01000,2025-05-25,Central,Lighting,Mobile app,Routine,72,77.4,Completed,Late,3.0
SR-01357,2025-05-25,North,Roads,Web,Routine,120,93.4,Completed,On time,4.0
SR-01411,2025-05-25,West,Waste,Walk-in,Routine,48,72.1,Completed,Late,3.0
SR-01427,2025-05-25,North,Waste,Mobile app,Routine,48,151.4,Completed,Late,3.0
SR-01590,2025-05-25,South,Roads,Phone,Urgent,120,44.9,Completed,On time,4.0
SR-02165,2025-05-25,West,Roads,Web,Routine,120,436.4,Completed,Late,4.0
SR-00215,2025-05-26,West,Lighting,Phone,Urgent,72,,Open,Open,
SR-00327,2025-05-26,West,Roads,Mobile app,Routine,120,197.3,Completed,Late,2.0
SR-00584,2025-05-26,Central,Roads,Mobile app,Routine,120,139.0,Completed,Late,2.0
SR-00952,2025-05-26,North,Lighting,Mobile app,Routine,72,136.3,Completed,Late,3.0
SR-01844,2025-05-26,Central,Lighting,Phone,Routine,72,40.0,Completed,On time,5.0
SR-01983,2025-05-26,South,Lighting,Mobile app,Urgent,72,59.7,Completed,On time,4.0
SR-02067,2025-05-26,Central,Water,Web,Routine,36,40.0,Completed,Late,3.0
SR-02197,2025-05-26,Central,Lighting,Phone,Critical,72,24.8,Completed,On time,4.0
SR-00042,2025-05-27,East,Waste,Web,Urgent,48,40.5,Completed,On time,4.0
SR-00245,2025-05-27,Central,Waste,Walk-in,Routine,48,65.3,Completed,Late,3.0
SR-00256,2025-05-27,South,Roads,Web,Routine,120,253.5,Completed,Late,3.0
SR-00779,2025-05-27,West,Waste,Web,Routine,48,42.1,Completed,On time,4.0
SR-01199,2025-05-27,North,Waste,Phone,Urgent,48,,Open,Open,
SR-01449,2025-05-27,East,Lighting,Mobile app,Urgent,72,46.1,Completed,On time,4.0
SR-01623,2025-05-27,East,Waste,Phone,Critical,48,25.4,Completed,On time,4.0
SR-01894,2025-05-27,East,Lighting,Mobile app,Routine,72,40.1,Completed,On time,4.0
SR-00015,2025-05-28,East,Water,Web,Routine,36,78.5,Completed,Late,2.0
SR-00458,2025-05-28,South,Waste,Mobile app,Routine,48,94.6,Completed,Late,2.0
SR-01040,2025-05-28,North,Waste,Walk-in,Routine,48,59.1,Completed,Late,3.0
SR-01305,2025-05-28,North,Roads,Mobile app,Routine,120,,Open,Open,
SR-01307,2025-05-28,North,Waste,Web,Routine,48,10.3,Completed,On time,5.0
SR-01398,2025-05-28,East,Roads,Phone,Routine,120,178.4,Completed,Late,3.0
SR-01594,2025-05-28,East,Lighting,Mobile app,Urgent,72,67.6,Completed,On time,5.0
SR-02284,2025-05-28,Central,Lighting,Web,Routine,72,238.3,Completed,Late,2.0
SR-00211,2025-05-29,East,Waste,Mobile app,Routine,48,25.6,Completed,On time,5.0
SR-00820,2025-05-29,South,Waste,Web,Routine,48,51.7,Completed,Late,3.0
SR-00849,2025-05-29,South,Waste,Mobile app,Routine,48,,Open,Open,
SR-00943,2025-05-29,South,Roads,Walk-in,Routine,120,238.8,Completed,Late,3.0
SR-01058,2025-05-29,Central,Roads,Mobile app,Urgent,120,,Open,Open,
SR-01122,2025-05-29,Central,Waste,Phone,Routine,48,76.6,Completed,Late,3.0
SR-01650,2025-05-29,Central,Waste,Web,Routine,48,60.0,Completed,Late,2.0
SR-01661,2025-05-29,Central,Roads,Mobile app,Urgent,120,97.7,Completed,On time,5.0
SR-02101,2025-05-29,South,Waste,Phone,Routine,48,95.0,Completed,Late,3.0
SR-00122,2025-05-30,East,Water,Mobile app,Routine,36,,Open,Open,
SR-00261,2025-05-30,West,Lighting,Walk-in,Routine,72,140.8,Completed,Late,1.0
SR-01909,2025-05-30,North,Waste,Mobile app,Routine,48,34.9,Completed,On time,5.0
SR-02291,2025-05-30,Central,Roads,Mobile app,Routine,120,218.4,Completed,Late,3.0
SR-00067,2025-05-31,East,Roads,Web,Urgent,120,105.0,Completed,On time,4.0
SR-00834,2025-05-31,South,Lighting,Mobile app,Routine,72,31.0,Completed,On time,5.0
SR-00920,2025-05-31,West,Lighting,Web,Critical,72,55.1,Completed,On time,3.0
SR-01100,2025-05-31,Central,Roads,Mobile app,Routine,120,189.1,Completed,Late,2.0
SR-01833,2025-05-31,East,Water,Mobile app,Critical,36,17.2,Completed,On time,5.0
SR-02253,2025-05-31,East,Water,Phone,Routine,36,46.0,Completed,Late,3.0
SR-02300,2025-05-31,South,Roads,Phone,Urgent,120,99.7,Completed,On time,4.0
SR-02354,2025-05-31,South,Roads,Phone,Urgent,120,219.5,Completed,Late,2.0
SR-00002,2025-06-01,North,Waste,Phone,Urgent,48,56.5,Completed,Late,3.0
SR-00445,2025-06-01,West,Roads,Phone,Routine,120,129.0,Completed,Late,3.0
SR-00857,2025-06-01,North,Water,Mobile app,Routine,36,24.1,Completed,On time,5.0
SR-00997,2025-06-01,Central,Waste,Web,Routine,48,81.6,Completed,Late,3.0
SR-01206,2025-06-01,South,Waste,Mobile app,Routine,48,32.1,Completed,On time,5.0
SR-01315,2025-06-01,Central,Waste,Phone,Routine,48,43.0,Completed,On time,4.0
SR-01371,2025-06-01,North,Roads,Mobile app,Routine,120,118.8,Completed,On time,3.0
SR-01570,2025-06-01,East,Waste,Phone,Routine,48,54.9,Completed,Late,2.0
SR-01639,2025-06-01,Central,Roads,Mobile app,Routine,120,257.7,Completed,Late,3.0
SR-01699,2025-06-01,South,Lighting,Web,Routine,72,60.7,Completed,On time,4.0
SR-02192,2025-06-01,West,Water,Web,Routine,36,43.2,Completed,Late,4.0
SR-02308,2025-06-01,North,Roads,Web,Routine,120,139.7,Completed,Late,4.0
SR-02336,2025-06-01,East,Roads,Mobile app,Routine,120,188.9,Completed,Late,3.0
SR-00088,2025-06-02,South,Lighting,Web,Routine,72,59.8,Completed,On time,5.0
SR-00743,2025-06-02,East,Lighting,Web,Routine,72,50.2,Completed,On time,4.0
SR-00940,2025-06-02,North,Waste,Mobile app,Routine,48,60.6,Completed,Late,3.0
SR-01273,2025-06-02,East,Waste,Phone,Urgent,48,52.0,Completed,Late,4.0
SR-00081,2025-06-04,Central,Roads,Phone,Routine,120,274.8,Completed,Late,2.0
SR-00133,2025-06-04,East,Water,Web,Routine,36,65.3,Completed,Late,2.0
SR-00281,2025-06-04,South,Waste,Walk-in,Routine,48,54.1,Completed,Late,3.0
SR-00335,2025-06-04,West,Roads,Mobile app,Routine,120,,Open,Open,
SR-00372,2025-06-04,South,Lighting,Mobile app,Urgent,72,91.2,Completed,Late,3.0
SR-01140,2025-06-04,Central,Lighting,Phone,Routine,72,,Open,Open,
SR-01186,2025-06-04,East,Roads,Mobile app,Urgent,120,197.2,Completed,Late,3.0
SR-01319,2025-06-04,South,Roads,Phone,Urgent,120,163.8,Completed,Late,4.0
SR-01715,2025-06-04,East,Roads,Web,Routine,120,78.7,Completed,On time,5.0
SR-01803,2025-06-04,North,Roads,Mobile app,Routine,120,,Open,Open,
SR-02138,2025-06-04,Central,Water,Phone,Routine,36,40.1,Completed,Late,3.0
SR-00164,2025-06-05,West,Waste,Walk-in,Routine,48,63.8,Completed,Late,2.0
SR-00413,2025-06-05,East,Lighting,Mobile app,Routine,72,74.8,Completed,Late,2.0
SR-01503,2025-06-05,East,Water,Walk-in,Routine,36,69.1,Completed,Late,1.0
SR-01711,2025-06-05,West,Lighting,Mobile app,Urgent,72,41.6,Completed,On time,5.0
SR-01865,2025-06-05,East,Waste,Web,Urgent,48,32.0,Completed,On time,5.0
SR-00344,2025-06-06,Central,Water,Mobile app,Urgent,36,48.2,Completed,Late,4.0
SR-00777,2025-06-06,Central,Roads,Phone,Routine,120,231.4,Completed,Late,3.0
SR-00861,2025-06-06,Central,Roads,Phone,Routine,120,113.5,Completed,On time,4.0
SR-01248,2025-06-06,Central,Lighting,Mobile app,Routine,72,92.2,Completed,Late,4.0
SR-01282,2025-06-06,Central,Roads,Phone,Routine,120,75.9,Completed,On time,4.0
SR-01359,2025-06-06,North,Water,Mobile app,Routine,36,53.1,Completed,Late,3.0
SR-01535,2025-06-06,West,Water,Web,Routine,36,49.9,Completed,Late,3.0
SR-02024,2025-06-06,North,Waste,Web,Routine,48,56.2,Completed,Late,3.0
SR-02081,2025-06-06,South,Water,Mobile app,Routine,36,124.4,Completed,Late,4.0
SR-02227,2025-06-06,Central,Waste,Mobile app,Urgent,48,36.6,Completed,On time,5.0
SR-00610,2025-06-07,East,Roads,Walk-in,Critical,120,53.0,Completed,On time,4.0
SR-00785,2025-06-07,East,Waste,Mobile app,Routine,48,20.0,Completed,On time,5.0
SR-00923,2025-06-07,North,Roads,Mobile app,Urgent,120,84.1,Completed,On time,4.0
SR-01103,2025-06-07,East,Roads,Phone,Routine,120,236.9,Completed,Late,3.0
SR-01589,2025-06-07,East,Lighting,Phone,Routine,72,120.0,Completed,Late,2.0
SR-01741,2025-06-07,East,Water,Walk-in,Routine,36,,Open,Open,
SR-02120,2025-06-07,East,Lighting,Phone,Routine,72,59.0,Completed,On time,4.0
SR-02229,2025-06-07,Central,Roads,Phone,Routine,120,173.8,Completed,Late,3.0
SR-01164,2025-06-08,West,Water,Web,Urgent,36,26.9,Completed,On time,5.0
SR-01366,2025-06-08,North,Roads,Phone,Routine,120,80.3,Completed,On time,5.0
SR-01866,2025-06-08,Central,Waste,Phone,Routine,48,40.0,Completed,On time,5.0
SR-02040,2025-06-08,Central,Lighting,Mobile app,Routine,72,199.1,Completed,Late,2.0
SR-02216,2025-06-08,North,Waste,Mobile app,Routine,48,69.0,Completed,Late,3.0
SR-00539,2025-06-09,South,Waste,Phone,Routine,48,47.2,Completed,On time,4.0
SR-01759,2025-06-09,North,Water,Web,Routine,36,36.1,Completed,Late,2.0
SR-01960,2025-06-09,East,Waste,Web,Routine,48,76.7,Completed,Late,2.0
SR-02306,2025-06-09,East,Roads,Phone,Routine,120,169.3,Completed,Late,3.0
SR-02352,2025-06-09,North,Roads,Mobile app,Urgent,120,141.9,Completed,Late,3.0
SR-00370,2025-06-10,East,Lighting,Mobile app,Routine,72,43.5,Completed,On time,4.0
SR-01117,2025-06-10,West,Roads,Mobile app,Routine,120,193.5,Completed,Late,2.0
SR-01120,2025-06-10,West,Water,Web,Urgent,36,63.9,Completed,Late,2.0
SR-01497,2025-06-10,West,Waste,Walk-in,Urgent,48,44.3,Completed,On time,4.0
SR-02191,2025-06-10,Central,Lighting,Web,Urgent,72,173.3,Completed,Late,3.0
SR-02379,2025-06-10,West,Waste,Mobile app,Routine,48,57.8,Completed,Late,2.0
SR-00019,2025-06-11,East,Water,Mobile app,Routine,36,38.9,Completed,Late,3.0
SR-00114,2025-06-11,East,Water,Web,Routine,36,60.9,Completed,Late,3.0
SR-00470,2025-06-11,South,Water,Web,Routine,36,73.3,Completed,Late,3.0
SR-00786,2025-06-11,South,Lighting,Web,Urgent,72,85.3,Completed,Late,3.0
SR-00864,2025-06-11,West,Waste,Walk-in,Urgent,48,24.2,Completed,On time,4.0
SR-01974,2025-06-11,East,Roads,Mobile app,Routine,120,103.7,Completed,On time,5.0
SR-00143,2025-06-12,South,Lighting,Phone,Urgent,72,70.3,Completed,On time,4.0
SR-00186,2025-06-12,South,Roads,Mobile app,Routine,120,511.2,Completed,Late,4.0
SR-00209,2025-06-12,Central,Lighting,Walk-in,Urgent,72,65.4,Completed,On time,3.0
SR-00608,2025-06-12,Central,Lighting,Phone,Routine,72,72.2,Completed,Late,4.0
SR-02177,2025-06-12,South,Lighting,Mobile app,Urgent,72,51.5,Completed,On time,4.0
SR-00597,2025-06-13,Central,Water,Walk-in,Urgent,36,19.7,Completed,On time,5.0
SR-00867,2025-06-13,West,Roads,Mobile app,Routine,120,142.9,Completed,Late,4.0
SR-01344,2025-06-13,East,Water,Mobile app,Critical,36,24.7,Completed,On time,5.0
SR-01451,2025-06-13,North,Water,Mobile app,Routine,36,23.7,Completed,On time,5.0
SR-02155,2025-06-13,North,Lighting,Web,Urgent,72,34.3,Completed,On time,5.0
SR-00235,2025-06-14,West,Waste,Phone,Critical,48,24.3,Completed,On time,5.0
SR-01402,2025-06-14,West,Lighting,Web,Routine,72,36.8,Completed,On time,4.0
SR-01500,2025-06-14,South,Water,Mobile app,Urgent,36,37.3,Completed,Late,3.0
SR-01613,2025-06-14,Central,Lighting,Mobile app,Routine,72,47.7,Completed,On time,5.0
SR-00089,2025-06-15,Central,Waste,Phone,Routine,48,59.2,Completed,Late,2.0
SR-00529,2025-06-15,South,Waste,Phone,Routine,48,56.5,Completed,Late,3.0
SR-00580,2025-06-15,West,Roads,Mobile app,Routine,120,,Open,Open,
SR-01020,2025-06-15,East,Water,Mobile app,Urgent,36,32.3,Completed,On time,4.0
SR-02047,2025-06-15,North,Lighting,Phone,Routine,72,24.0,Completed,On time,5.0
SR-02302,2025-06-15,North,Roads,Phone,Routine,120,44.8,Completed,On time,5.0
SR-00101,2025-06-16,South,Lighting,Phone,Urgent,72,45.4,Completed,On time,4.0
SR-00347,2025-06-16,North,Lighting,Phone,Routine,72,,Open,Open,
SR-01162,2025-06-16,South,Water,Web,Routine,36,43.9,Completed,Late,3.0
SR-01261,2025-06-16,Central,Water,Mobile app,Urgent,36,30.4,Completed,On time,5.0
SR-01330,2025-06-16,Central,Waste,Web,Routine,48,47.0,Completed,On time,4.0
SR-01585,2025-06-16,Central,Waste,Web,Routine,48,84.0,Completed,Late,3.0
SR-01760,2025-06-16,South,Water,Mobile app,Routine,36,31.5,Completed,On time,5.0
SR-02060,2025-06-16,East,Lighting,Walk-in,Critical,72,30.9,Completed,On time,5.0
SR-02106,2025-06-16,Central,Waste,Mobile app,Critical,48,13.6,Completed,On time,4.0
SR-02149,2025-06-16,East,Roads,Mobile app,Urgent,120,86.3,Completed,On time,5.0
SR-00022,2025-06-17,South,Water,Phone,Routine,36,50.5,Completed,Late,2.0
SR-00126,2025-06-17,East,Water,Mobile app,Routine,36,13.9,Completed,On time,5.0
SR-00198,2025-06-17,South,Waste,Walk-in,Routine,48,52.9,Completed,Late,3.0
SR-01991,2025-06-17,East,Roads,Web,Routine,120,172.3,Completed,Late,3.0
SR-02102,2025-06-17,South,Waste,Mobile app,Urgent,48,46.3,Completed,On time,3.0
SR-02362,2025-06-17,South,Lighting,Phone,Routine,72,174.2,Completed,Late,3.0
SR-00180,2025-06-18,South,Water,Mobile app,Urgent,36,59.4,Completed,Late,3.0
SR-00339,2025-06-18,West,Roads,Phone,Critical,120,28.3,Completed,On time,5.0
SR-00591,2025-06-18,Central,Waste,Phone,Urgent,48,28.0,Completed,On time,5.0
SR-00604,2025-06-18,Central,Waste,Mobile app,Urgent,48,45.0,Completed,On time,5.0
SR-00672,2025-06-18,Central,Lighting,Phone,Routine,72,164.2,Completed,Late,3.0
SR-01483,2025-06-18,East,Water,Mobile app,Routine,36,34.9,Completed,On time,3.0
SR-01720,2025-06-18,East,Lighting,Mobile app,Routine,72,124.6,Completed,Late,1.0
SR-01748,2025-06-18,West,Roads,Mobile app,Routine,120,,Open,Open,
SR-01934,2025-06-18,South,Water,Walk-in,Routine,36,23.8,Completed,On time,4.0
SR-00422,2025-06-19,North,Lighting,Mobile app,Routine,72,51.6,Completed,On time,4.0
SR-02347,2025-06-19,North,Waste,Walk-in,Routine,48,,Open,Open,
SR-00715,2025-06-20,North,Lighting,Web,Routine,72,156.5,Completed,Late,2.0
SR-00895,2025-06-20,South,Lighting,Mobile app,Routine,72,80.0,Completed,Late,4.0
SR-01025,2025-06-20,Central,Water,Mobile app,Routine,36,,Open,Open,
SR-01332,2025-06-20,West,Waste,Web,Routine,48,42.8,Completed,On time,4.0
SR-00105,2025-06-21,South,Water,Mobile app,Critical,36,15.5,Completed,On time,4.0
SR-00605,2025-06-21,Central,Waste,Web,Routine,48,21.9,Completed,On time,4.0
SR-00679,2025-06-21,Central,Lighting,Mobile app,Urgent,72,37.5,Completed,On time,3.0
SR-00771,2025-06-21,Central,Roads,Mobile app,Routine,120,244.7,Completed,Late,4.0
SR-01014,2025-06-21,North,Roads,Phone,Urgent,120,215.4,Completed,Late,3.0
SR-01021,2025-06-21,Central,Lighting,Walk-in,Routine,72,81.2,Completed,Late,4.0
SR-01223,2025-06-21,West,Water,Phone,Routine,36,59.2,Completed,Late,4.0
SR-01445,2025-06-21,Central,Water,Mobile app,Urgent,36,49.5,Completed,Late,2.0
SR-01716,2025-06-21,South,Lighting,Phone,Critical,72,24.6,Completed,On time,4.0
SR-01782,2025-06-21,Central,Roads,Web,Routine,120,,Open,Open,
SR-02280,2025-06-21,North,Waste,Mobile app,Urgent,48,43.4,Completed,On time,5.0
SR-00297,2025-06-22,East,Roads,Mobile app,Urgent,120,127.6,Completed,Late,2.0
SR-02241,2025-06-22,Central,Waste,Phone,Routine,48,53.3,Completed,Late,3.0
SR-01208,2025-06-23,Central,Roads,Mobile app,Routine,120,86.6,Completed,On time,3.0
SR-02172,2025-06-23,Central,Roads,Mobile app,Routine,120,194.2,Completed,Late,3.0
SR-00563,2025-06-24,East,Roads,Walk-in,Routine,120,125.8,Completed,Late,3.0
SR-00910,2025-06-24,Central,Waste,Mobile app,Routine,48,70.3,Completed,Late,3.0
SR-01645,2025-06-24,Central,Water,Mobile app,Routine,36,47.1,Completed,Late,3.0
SR-01794,2025-06-24,Central,Lighting,Web,Routine,72,160.4,Completed,Late,2.0
SR-01996,2025-06-24,Central,Lighting,Phone,Routine,72,52.3,Completed,On time,5.0
SR-02226,2025-06-24,East,Water,Mobile app,Urgent,36,30.9,Completed,On time,4.0
SR-00769,2025-06-25,North,Lighting,Web,Routine,72,170.8,Completed,Late,2.0
SR-01641,2025-06-25,North,Waste,Web,Routine,48,58.7,Completed,Late,3.0
SR-01905,2025-06-25,Central,Roads,Mobile app,Routine,120,211.7,Completed,Late,3.0
SR-02057,2025-06-25,South,Water,Walk-in,Urgent,36,35.6,Completed,On time,5.0
SR-02393,2025-06-25,West,Roads,Phone,Routine,120,255.7,Completed,Late,3.0
SR-00302,2025-06-26,Central,Roads,Mobile app,Routine,120,420.0,Completed,Late,4.0
SR-00682,2025-06-26,East,Waste,Mobile app,Routine,48,34.9,Completed,On time,4.0
SR-00880,2025-06-26,East,Lighting,Mobile app,Routine,72,58.3,Completed,On time,5.0
SR-00969,2025-06-26,South,Water,Mobile app,Routine,36,72.2,Completed,Late,4.0
SR-01138,2025-06-26,East,Roads,Phone,Urgent,120,270.6,Completed,Late,3.0
SR-01270,2025-06-26,West,Water,Phone,Routine,36,50.4,Completed,Late,4.0
SR-01288,2025-06-26,East,Waste,Web,Routine,48,38.3,Completed,On time,5.0
SR-01836,2025-06-26,Central,Lighting,Web,Urgent,72,,Open,Open,
SR-02077,2025-06-26,South,Water,Walk-in,Routine,36,28.2,Completed,On time,3.0
SR-02176,2025-06-26,Central,Lighting,Web,Routine,72,60.2,Completed,On time,5.0
SR-00181,2025-06-27,South,Waste,Web,Routine,48,42.2,Completed,On time,5.0
SR-00491,2025-06-27,North,Lighting,Mobile app,Routine,72,114.2,Completed,Late,4.0
SR-01114,2025-06-27,North,Roads,Mobile app,Routine,120,122.2,Completed,Late,3.0
SR-01134,2025-06-27,Central,Waste,Mobile app,Urgent,48,25.2,Completed,On time,5.0
SR-01871,2025-06-27,South,Water,Mobile app,Routine,36,38.5,Completed,Late,2.0
SR-01915,2025-06-27,South,Water,Phone,Routine,36,,Open,Open,
SR-00284,2025-06-28,Central,Roads,Web,Routine,120,94.2,Completed,On time,4.0
SR-00501,2025-06-28,South,Water,Mobile app,Routine,36,69.7,Completed,Late,3.0
SR-00519,2025-06-28,East,Water,Web,Routine,36,47.8,Completed,Late,3.0
SR-00764,2025-06-28,Central,Roads,Web,Routine,120,119.2,Completed,On time,5.0
SR-01329,2025-06-28,Central,Waste,Web,Routine,48,127.2,Completed,Late,3.0
SR-01582,2025-06-28,North,Waste,Phone,Urgent,48,19.9,Completed,On time,5.0
SR-01992,2025-06-28,East,Waste,Mobile app,Routine,48,41.2,Completed,On time,4.0
SR-02259,2025-06-28,North,Waste,Web,Routine,48,41.8,Completed,On time,4.0
SR-00851,2025-06-29,West,Roads,Web,Routine,120,153.0,Completed,Late,4.0
SR-01116,2025-06-29,East,Waste,Phone,Routine,48,59.4,Completed,Late,3.0
SR-01224,2025-06-29,East,Waste,Phone,Urgent,48,43.3,Completed,On time,4.0
SR-01367,2025-06-29,West,Water,Web,Urgent,36,51.1,Completed,Late,3.0
SR-01595,2025-06-29,East,Waste,Mobile app,Routine,48,32.7,Completed,On time,5.0
SR-01656,2025-06-29,South,Water,Mobile app,Routine,36,77.2,Completed,Late,2.0
SR-01956,2025-06-29,East,Water,Web,Routine,36,28.9,Completed,On time,5.0
SR-02319,2025-06-29,North,Water,Phone,Routine,36,33.7,Completed,On time,5.0
SR-00038,2025-06-30,North,Waste,Phone,Routine,48,39.2,Completed,On time,5.0
SR-00216,2025-06-30,Central,Waste,Mobile app,Critical,48,24.1,Completed,On time,4.0
SR-01457,2025-06-30,Central,Waste,Phone,Routine,48,41.8,Completed,On time,5.0
SR-01460,2025-06-30,Central,Roads,Walk-in,Urgent,120,112.3,Completed,On time,4.0
SR-01505,2025-06-30,West,Roads,Web,Routine,120,213.4,Completed,Late,2.0
SR-01624,2025-06-30,North,Waste,Walk-in,Urgent,48,20.3,Completed,On time,5.0
SR-01979,2025-06-30,South,Waste,Web,Urgent,48,,Open,Open,
SR-02004,2025-06-30,East,Lighting,Web,Routine,72,,Open,Open,
SR-00200,2025-07-01,South,Lighting,Web,Routine,72,,Open,Open,
SR-00467,2025-07-01,South,Waste,Walk-in,Routine,48,44.9,Completed,On time,4.0
SR-00596,2025-07-01,South,Lighting,Mobile app,Routine,72,146.2,Completed,Late,3.0
SR-01383,2025-07-01,North,Water,Web,Routine,36,39.6,Completed,Late,3.0
SR-01660,2025-07-01,West,Roads,Web,Routine,120,363.2,Completed,Late,3.0
SR-02133,2025-07-01,West,Roads,Mobile app,Urgent,120,164.8,Completed,Late,3.0
SR-00150,2025-07-02,North,Waste,Web,Routine,48,42.6,Completed,On time,5.0
SR-01036,2025-07-02,Central,Lighting,Phone,Routine,72,,Open,Open,
SR-01071,2025-07-02,North,Roads,Mobile app,Critical,120,71.5,Completed,On time,5.0
SR-01342,2025-07-02,West,Waste,Phone,Routine,48,19.8,Completed,On time,5.0
SR-01636,2025-07-02,North,Roads,Web,Routine,120,104.6,Completed,On time,5.0
SR-01695,2025-07-02,East,Lighting,Web,Routine,72,63.0,Completed,On time,5.0
SR-01701,2025-07-02,East,Lighting,Web,Routine,72,92.9,Completed,Late,3.0
SR-01742,2025-07-02,Central,Roads,Mobile app,Routine,120,86.1,Completed,On time,5.0
SR-00305,2025-07-03,East,Waste,Phone,Routine,48,53.5,Completed,Late,2.0
SR-00403,2025-07-03,West,Roads,Phone,Routine,120,197.4,Completed,Late,3.0
SR-01126,2025-07-03,East,Lighting,Mobile app,Routine,72,42.9,Completed,On time,5.0
SR-01168,2025-07-03,West,Waste,Mobile app,Urgent,48,24.6,Completed,On time,5.0
SR-01181,2025-07-03,East,Water,Web,Routine,36,,Open,Open,
SR-00179,2025-07-04,Central,Roads,Phone,Routine,120,266.3,Completed,Late,2.0
SR-00555,2025-07-04,West,Lighting,Phone,Routine,72,115.2,Completed,Late,4.0
SR-00781,2025-07-04,East,Waste,Web,Routine,48,44.4,Completed,On time,4.0
SR-01221,2025-07-04,Central,Water,Walk-in,Routine,36,69.9,Completed,Late,3.0
SR-01984,2025-07-04,South,Waste,Phone,Routine,48,40.1,Completed,On time,4.0
SR-02098,2025-07-04,North,Lighting,Mobile app,Routine,72,80.8,Completed,Late,5.0
SR-00582,2025-07-05,South,Water,Walk-in,Routine,36,26.7,Completed,On time,5.0
SR-01485,2025-07-05,Central,Roads,Mobile app,Routine,120,107.4,Completed,On time,5.0
SR-00060,2025-07-06,Central,Roads,Mobile app,Routine,120,167.3,Completed,Late,5.0
SR-00130,2025-07-06,Central,Roads,Phone,Urgent,120,68.6,Completed,On time,5.0
SR-01056,2025-07-06,East,Lighting,Phone,Routine,72,,Open,Open,
SR-01735,2025-07-06,Central,Waste,Web,Routine,48,36.6,Completed,On time,4.0
SR-02161,2025-07-06,Central,Lighting,Web,Routine,72,60.6,Completed,On time,4.0
SR-00387,2025-07-07,North,Waste,Web,Routine,48,52.5,Completed,Late,3.0
SR-00554,2025-07-07,Central,Lighting,Web,Urgent,72,65.3,Completed,On time,4.0
SR-00570,2025-07-07,East,Water,Mobile app,Routine,36,79.7,Completed,Late,3.0
SR-00573,2025-07-07,North,Waste,Phone,Routine,48,46.9,Completed,On time,5.0
SR-00709,2025-07-07,West,Waste,Web,Routine,48,56.8,Completed,Late,2.0
SR-00882,2025-07-07,North,Waste,Mobile app,Urgent,48,,Open,Open,
SR-01035,2025-07-07,West,Roads,Phone,Routine,120,,Open,Open,
SR-01360,2025-07-07,West,Lighting,Web,Routine,72,123.2,Completed,Late,4.0
SR-01390,2025-07-07,North,Waste,Phone,Routine,48,,Open,Open,
SR-01418,2025-07-07,West,Water,Mobile app,Urgent,36,22.3,Completed,On time,4.0
SR-01779,2025-07-07,South,Waste,Web,Routine,48,59.0,Completed,Late,3.0
SR-02003,2025-07-07,South,Lighting,Phone,Routine,72,50.7,Completed,On time,5.0
SR-02182,2025-07-07,North,Waste,Mobile app,Urgent,48,24.9,Completed,On time,5.0
SR-00031,2025-07-08,South,Waste,Web,Routine,48,122.6,Completed,Late,3.0
SR-00032,2025-07-08,Central,Waste,Mobile app,Urgent,48,22.1,Completed,On time,4.0
SR-00050,2025-07-08,South,Roads,Mobile app,Urgent,120,151.5,Completed,Late,3.0
SR-00292,2025-07-08,North,Water,Phone,Routine,36,36.6,Completed,Late,4.0
SR-01264,2025-07-08,West,Waste,Mobile app,Routine,48,46.0,Completed,On time,4.0
SR-01953,2025-07-08,East,Waste,Phone,Routine,48,46.5,Completed,On time,4.0
SR-01987,2025-07-08,North,Water,Phone,Critical,36,13.3,Completed,On time,4.0
SR-02263,2025-07-08,North,Roads,Walk-in,Routine,120,112.2,Completed,On time,5.0
SR-00173,2025-07-09,Central,Roads,Web,Urgent,120,148.3,Completed,Late,3.0
SR-00507,2025-07-09,North,Waste,Phone,Urgent,48,36.9,Completed,On time,5.0
SR-00533,2025-07-09,South,Lighting,Web,Urgent,72,68.1,Completed,On time,5.0
SR-00868,2025-07-09,South,Lighting,Walk-in,Routine,72,75.6,Completed,Late,3.0
SR-01792,2025-07-09,West,Waste,Mobile app,Routine,48,41.6,Completed,On time,4.0
SR-01857,2025-07-09,North,Roads,Phone,Urgent,120,122.0,Completed,Late,2.0
SR-02218,2025-07-09,East,Roads,Phone,Routine,120,74.0,Completed,On time,4.0
SR-00174,2025-07-10,East,Water,Mobile app,Routine,36,59.7,Completed,Late,2.0
SR-00185,2025-07-10,East,Lighting,Mobile app,Routine,72,58.6,Completed,On time,4.0
SR-00998,2025-07-10,East,Lighting,Mobile app,Routine,72,116.4,Completed,Late,4.0
SR-01151,2025-07-10,West,Water,Phone,Routine,36,45.7,Completed,Late,3.0
SR-01198,2025-07-10,South,Lighting,Phone,Routine,72,,Open,Open,
SR-01899,2025-07-10,East,Lighting,Mobile app,Routine,72,51.4,Completed,On time,5.0
SR-02023,2025-07-10,West,Roads,Mobile app,Routine,120,183.2,Completed,Late,4.0
SR-02070,2025-07-10,North,Roads,Mobile app,Routine,120,96.3,Completed,On time,5.0
SR-00098,2025-07-11,West,Water,Walk-in,Routine,36,46.0,Completed,Late,3.0
SR-00120,2025-07-11,North,Waste,Phone,Routine,48,85.2,Completed,Late,3.0
SR-00424,2025-07-11,East,Water,Web,Urgent,36,45.2,Completed,Late,2.0
SR-00646,2025-07-11,Central,Roads,Mobile app,Urgent,120,57.7,Completed,On time,4.0
SR-00796,2025-07-11,South,Lighting,Mobile app,Urgent,72,135.0,Completed,Late,3.0
SR-01543,2025-07-11,East,Lighting,Web,Routine,72,102.4,Completed,Late,3.0
SR-00230,2025-07-12,South,Roads,Web,Critical,120,98.8,Completed,On time,4.0
SR-00269,2025-07-12,West,Waste,Phone,Routine,48,80.9,Completed,Late,2.0
SR-00498,2025-07-12,South,Roads,Web,Critical,120,74.5,Completed,On time,4.0
SR-00525,2025-07-12,Central,Roads,Walk-in,Routine,120,118.0,Completed,On time,4.0
SR-01008,2025-07-12,East,Roads,Web,Routine,120,227.8,Completed,Late,3.0
SR-01090,2025-07-12,Central,Water,Walk-in,Routine,36,31.3,Completed,On time,3.0
SR-01669,2025-07-12,North,Roads,Mobile app,Urgent,120,218.2,Completed,Late,2.0
SR-01767,2025-07-12,South,Water,Phone,Urgent,36,18.9,Completed,On time,4.0
SR-01818,2025-07-12,Central,Waste,Web,Urgent,48,23.9,Completed,On time,5.0
SR-01921,2025-07-12,South,Water,Mobile app,Urgent,36,59.8,Completed,Late,3.0
SR-02163,2025-07-12,West,Lighting,Walk-in,Routine,72,107.9,Completed,Late,4.0
SR-00103,2025-07-13,Central,Roads,Walk-in,Routine,120,92.6,Completed,On time,4.0
SR-00464,2025-07-13,North,Roads,Phone,Routine,120,192.2,Completed,Late,2.0
SR-00506,2025-07-13,West,Roads,Phone,Routine,120,90.4,Completed,On time,5.0
SR-00964,2025-07-13,South,Waste,Mobile app,Routine,48,49.3,Completed,Late,4.0
SR-01045,2025-07-13,Central,Waste,Phone,Routine,48,19.5,Completed,On time,4.0
SR-01158,2025-07-13,Central,Lighting,Phone,Routine,72,58.4,Completed,On time,4.0
SR-01472,2025-07-13,West,Water,Mobile app,Routine,36,28.8,Completed,On time,4.0
SR-01672,2025-07-13,West,Water,Mobile app,Routine,36,46.9,Completed,Late,2.0
SR-01749,2025-07-13,South,Water,Phone,Routine,36,48.0,Completed,Late,5.0
SR-02248,2025-07-13,Central,Lighting,Mobile app,Routine,72,25.3,Completed,On time,3.0
SR-00450,2025-07-14,North,Waste,Mobile app,Urgent,48,23.5,Completed,On time,4.0
SR-00456,2025-07-14,North,Lighting,Mobile app,Routine,72,46.1,Completed,On time,5.0
SR-00513,2025-07-14,North,Waste,Phone,Urgent,48,43.5,Completed,On time,3.0
SR-00543,2025-07-14,Central,Roads,Web,Urgent,120,61.6,Completed,On time,4.0
SR-00704,2025-07-14,Central,Roads,Phone,Routine,120,194.2,Completed,Late,2.0
SR-01153,2025-07-14,North,Lighting,Phone,Routine,72,86.1,Completed,Late,4.0
SR-00368,2025-07-15,Central,Lighting,Mobile app,Routine,72,80.3,Completed,Late,3.0
SR-01078,2025-07-15,West,Water,Web,Critical,36,19.3,Completed,On time,3.0
SR-01250,2025-07-15,East,Waste,Walk-in,Urgent,48,44.0,Completed,On time,4.0
SR-01442,2025-07-15,East,Lighting,Phone,Routine,72,,Open,Open,
SR-01607,2025-07-15,South,Waste,Mobile app,Routine,48,,Open,Open,
SR-01939,2025-07-15,North,Lighting,Phone,Urgent,72,39.0,Completed,On time,4.0
SR-02223,2025-07-15,East,Roads,Web,Routine,120,98.0,Completed,On time,5.0
SR-01086,2025-07-16,Central,Water,Walk-in,Urgent,36,31.9,Completed,On time,4.0
SR-01238,2025-07-16,South,Roads,Web,Routine,120,156.9,Completed,Late,3.0
SR-01706,2025-07-16,South,Water,Mobile app,Routine,36,44.8,Completed,Late,3.0
SR-01777,2025-07-16,South,Waste,Mobile app,Routine,48,73.1,Completed,Late,3.0
SR-01917,2025-07-16,North,Waste,Mobile app,Routine,48,34.8,Completed,On time,4.0
SR-00509,2025-07-17,Central,Roads,Web,Critical,120,37.7,Completed,On time,5.0
SR-00562,2025-07-17,West,Water,Mobile app,Urgent,36,20.7,Completed,On time,4.0
SR-01800,2025-07-17,Central,Lighting,Phone,Routine,72,154.1,Completed,Late,3.0
SR-02110,2025-07-17,East,Roads,Mobile app,Urgent,120,85.5,Completed,On time,3.0
SR-02237,2025-07-17,South,Waste,Phone,Routine,48,74.6,Completed,Late,3.0
SR-02355,2025-07-17,North,Water,Walk-in,Routine,36,21.3,Completed,On time,3.0
SR-00162,2025-07-18,West,Waste,Mobile app,Routine,48,29.3,Completed,On time,5.0
SR-00260,2025-07-18,Central,Lighting,Walk-in,Urgent,72,52.5,Completed,On time,5.0
SR-00662,2025-07-18,East,Waste,Walk-in,Routine,48,33.9,Completed,On time,4.0
SR-00725,2025-07-18,East,Waste,Phone,Routine,48,35.4,Completed,On time,5.0
SR-01235,2025-07-18,East,Waste,Phone,Routine,48,61.4,Completed,Late,4.0
SR-01291,2025-07-18,Central,Lighting,Phone,Routine,72,78.4,Completed,Late,4.0
SR-01788,2025-07-18,West,Water,Phone,Routine,36,22.9,Completed,On time,5.0
SR-01828,2025-07-18,Central,Lighting,Mobile app,Urgent,72,118.5,Completed,Late,3.0
SR-02252,2025-07-18,South,Waste,Mobile app,Routine,48,44.4,Completed,On time,4.0
SR-00461,2025-07-19,East,Roads,Mobile app,Routine,120,173.6,Completed,Late,3.0
SR-00642,2025-07-19,West,Waste,Mobile app,Routine,48,73.0,Completed,Late,2.0
SR-01194,2025-07-19,North,Lighting,Mobile app,Routine,72,72.7,Completed,Late,3.0
SR-01726,2025-07-19,East,Roads,Phone,Routine,120,120.7,Completed,Late,4.0
SR-01867,2025-07-19,South,Waste,Web,Routine,48,30.9,Completed,On time,4.0
SR-00123,2025-07-20,West,Roads,Walk-in,Routine,120,,Open,Open,
SR-00313,2025-07-20,North,Lighting,Phone,Critical,72,48.1,Completed,On time,4.0
SR-00478,2025-07-20,North,Lighting,Web,Routine,72,57.9,Completed,On time,4.0
SR-01795,2025-07-20,East,Water,Walk-in,Routine,36,24.2,Completed,On time,4.0
SR-01827,2025-07-20,South,Waste,Web,Critical,48,17.9,Completed,On time,5.0
SR-00396,2025-07-21,West,Waste,Mobile app,Routine,48,45.6,Completed,On time,5.0
SR-00472,2025-07-21,South,Roads,Mobile app,Routine,120,182.9,Completed,Late,3.0
SR-00484,2025-07-21,East,Roads,Web,Urgent,120,240.4,Completed,Late,3.0
SR-01226,2025-07-21,East,Lighting,Mobile app,Routine,72,112.2,Completed,Late,2.0
SR-01630,2025-07-21,East,Roads,Web,Routine,120,142.8,Completed,Late,4.0
SR-01807,2025-07-21,West,Roads,Web,Routine,120,184.8,Completed,Late,2.0
SR-01893,2025-07-21,North,Roads,Phone,Routine,120,116.5,Completed,On time,4.0
SR-01914,2025-07-21,Central,Lighting,Phone,Routine,72,49.6,Completed,On time,4.0
SR-00073,2025-07-22,Central,Lighting,Walk-in,Routine,72,68.4,Completed,On time,4.0
SR-00144,2025-07-22,West,Water,Mobile app,Routine,36,47.5,Completed,Late,3.0
SR-00516,2025-07-22,East,Lighting,Walk-in,Critical,72,52.0,Completed,On time,4.0
SR-00616,2025-07-22,North,Waste,Mobile app,Routine,48,79.9,Completed,Late,3.0
SR-00706,2025-07-22,South,Lighting,Mobile app,Routine,72,59.7,Completed,On time,4.0
SR-02202,2025-07-22,West,Waste,Mobile app,Urgent,48,24.3,Completed,On time,4.0
SR-00140,2025-07-23,Central,Roads,Phone,Critical,120,92.3,Completed,On time,5.0
SR-00426,2025-07-23,Central,Lighting,Web,Routine,72,129.0,Completed,Late,3.0
SR-01563,2025-07-23,East,Water,Phone,Routine,36,30.4,Completed,On time,5.0
SR-01874,2025-07-23,Central,Waste,Web,Routine,48,49.4,Completed,Late,3.0
SR-02370,2025-07-23,East,Roads,Mobile app,Urgent,120,158.9,Completed,Late,3.0
SR-00244,2025-07-24,North,Roads,Mobile app,Critical,120,99.9,Completed,On time,5.0
SR-00627,2025-07-24,Central,Waste,Web,Routine,48,43.3,Completed,On time,4.0
SR-00677,2025-07-24,South,Roads,Web,Urgent,120,117.5,Completed,On time,5.0
SR-00752,2025-07-24,South,Lighting,Phone,Routine,72,87.2,Completed,Late,3.0
SR-00780,2025-07-24,East,Waste,Mobile app,Routine,48,45.8,Completed,On time,5.0
SR-00972,2025-07-24,South,Waste,Web,Routine,48,50.6,Completed,Late,4.0
SR-01350,2025-07-24,Central,Lighting,Mobile app,Routine,72,58.6,Completed,On time,5.0
SR-01754,2025-07-24,East,Roads,Mobile app,Routine,120,173.6,Completed,Late,3.0
SR-01764,2025-07-24,Central,Waste,Walk-in,Routine,48,48.8,Completed,Late,3.0
SR-02389,2025-07-24,West,Roads,Web,Routine,120,227.9,Completed,Late,2.0
SR-00068,2025-07-25,Central,Roads,Walk-in,Routine,120,250.2,Completed,Late,3.0
SR-00217,2025-07-25,North,Water,Mobile app,Routine,36,47.7,Completed,Late,4.0
SR-01453,2025-07-25,East,Waste,Mobile app,Urgent,48,27.2,Completed,On time,4.0
SR-01531,2025-07-25,Central,Roads,Phone,Routine,120,179.3,Completed,Late,3.0
SR-02240,2025-07-25,East,Waste,Mobile app,Routine,48,15.8,Completed,On time,5.0
SR-00046,2025-07-26,West,Waste,Phone,Routine,48,70.1,Completed,Late,3.0
SR-00129,2025-07-26,West,Waste,Phone,Routine,48,14.4,Completed,On time,4.0
SR-00995,2025-07-26,Central,Roads,Walk-in,Routine,120,,Open,Open,
SR-01602,2025-07-26,South,Water,Mobile app,Critical,36,29.8,Completed,On time,4.0
SR-02144,2025-07-26,North,Waste,Mobile app,Routine,48,56.5,Completed,Late,4.0
SR-00476,2025-07-27,Central,Roads,Mobile app,Routine,120,110.7,Completed,On time,5.0
SR-00656,2025-07-27,East,Lighting,Web,Routine,72,90.1,Completed,Late,3.0
SR-01712,2025-07-27,Central,Waste,Web,Routine,48,65.6,Completed,Late,3.0
SR-01910,2025-07-27,South,Lighting,Phone,Routine,72,,Open,Open,
SR-02043,2025-07-27,North,Waste,Web,Urgent,48,19.9,Completed,On time,5.0
SR-00033,2025-07-28,North,Lighting,Web,Routine,72,97.5,Completed,Late,3.0
SR-00408,2025-07-28,South,Waste,Mobile app,Routine,48,34.0,Completed,On time,5.0
SR-00666,2025-07-28,South,Waste,Mobile app,Routine,48,63.1,Completed,Late,3.0
SR-00858,2025-07-28,South,Waste,Mobile app,Urgent,48,30.2,Completed,On time,5.0
SR-00879,2025-07-28,North,Roads,Mobile app,Urgent,120,177.1,Completed,Late,4.0
SR-00648,2025-07-29,West,Roads,Phone,Routine,120,227.2,Completed,Late,3.0
SR-00778,2025-07-29,West,Lighting,Web,Urgent,72,28.6,Completed,On time,5.0
SR-00788,2025-07-29,South,Waste,Web,Routine,48,37.0,Completed,On time,4.0
SR-01654,2025-07-29,North,Water,Phone,Urgent,36,42.7,Completed,Late,3.0
SR-00286,2025-07-30,West,Roads,Phone,Routine,120,159.1,Completed,Late,2.0
SR-00454,2025-07-30,West,Roads,Mobile app,Routine,120,118.3,Completed,On time,5.0
SR-01169,2025-07-30,Central,Roads,Phone,Routine,120,166.7,Completed,Late,3.0
SR-01416,2025-07-30,West,Lighting,Phone,Urgent,72,69.9,Completed,On time,4.0
SR-01877,2025-07-30,Central,Waste,Web,Routine,48,18.5,Completed,On time,5.0
SR-01993,2025-07-30,South,Roads,Phone,Urgent,120,62.1,Completed,On time,4.0
SR-02333,2025-07-30,South,Lighting,Phone,Routine,72,41.7,Completed,On time,5.0
SR-02373,2025-07-30,East,Water,Mobile app,Routine,36,41.2,Completed,Late,3.0
SR-01193,2025-07-31,Central,Lighting,Walk-in,Routine,72,37.2,Completed,On time,5.0
SR-02154,2025-07-31,East,Roads,Phone,Routine,120,117.0,Completed,On time,5.0
SR-00218,2025-08-01,West,Roads,Mobile app,Routine,120,408.2,Completed,Late,3.0
SR-01165,2025-08-01,East,Roads,Mobile app,Critical,120,62.8,Completed,On time,5.0
SR-01424,2025-08-01,North,Waste,Web,Routine,48,76.3,Completed,Late,3.0
SR-00059,2025-08-02,South,Lighting,Web,Routine,72,,Open,Open,
SR-00275,2025-08-02,East,Lighting,Web,Critical,72,40.5,Completed,On time,5.0
SR-00917,2025-08-02,North,Waste,Phone,Routine,48,46.5,Completed,On time,5.0
SR-00962,2025-08-02,Central,Roads,Web,Urgent,120,125.5,Completed,Late,5.0
SR-01234,2025-08-02,West,Lighting,Mobile app,Routine,72,71.7,Completed,On time,4.0
SR-01277,2025-08-02,South,Water,Mobile app,Routine,36,50.5,Completed,Late,4.0
SR-01374,2025-08-02,Central,Waste,Walk-in,Routine,48,29.3,Completed,On time,5.0
SR-01838,2025-08-02,South,Roads,Web,Urgent,120,128.6,Completed,Late,4.0
SR-01855,2025-08-02,East,Roads,Mobile app,Routine,120,191.7,Completed,Late,3.0
SR-02049,2025-08-02,East,Water,Web,Urgent,36,17.5,Completed,On time,5.0
SR-00518,2025-08-03,West,Waste,Phone,Routine,48,57.4,Completed,Late,3.0
SR-00768,2025-08-03,South,Waste,Web,Routine,48,50.9,Completed,Late,4.0
SR-00918,2025-08-03,West,Lighting,Web,Urgent,72,21.0,Completed,On time,4.0
SR-01249,2025-08-03,North,Waste,Phone,Routine,48,39.4,Completed,On time,4.0
SR-01311,2025-08-03,West,Roads,Web,Urgent,120,81.4,Completed,On time,5.0
SR-01405,2025-08-03,West,Lighting,Mobile app,Routine,72,73.7,Completed,Late,3.0
SR-00157,2025-08-04,Central,Lighting,Mobile app,Routine,72,84.6,Completed,Late,3.0
SR-00236,2025-08-04,North,Roads,Phone,Urgent,120,111.0,Completed,On time,4.0
SR-00576,2025-08-04,West,Roads,Web,Routine,120,149.2,Completed,Late,4.0
SR-00761,2025-08-04,Central,Roads,Web,Routine,120,79.4,Completed,On time,5.0
SR-01822,2025-08-04,Central,Lighting,Phone,Routine,72,50.4,Completed,On time,5.0
SR-01971,2025-08-04,East,Roads,Web,Routine,120,,Open,Open,
SR-02238,2025-08-04,East,Waste,Web,Routine,48,37.5,Completed,On time,4.0
SR-00430,2025-08-05,Central,Lighting,Mobile app,Routine,72,115.9,Completed,Late,2.0
SR-00523,2025-08-05,South,Water,Walk-in,Routine,36,28.4,Completed,On time,5.0
SR-00621,2025-08-05,Central,Waste,Mobile app,Routine,48,55.8,Completed,Late,3.0
SR-01092,2025-08-05,East,Lighting,Mobile app,Routine,72,69.3,Completed,On time,5.0
SR-01101,2025-08-05,South,Lighting,Web,Urgent,72,43.5,Completed,On time,4.0
SR-01557,2025-08-05,West,Lighting,Web,Routine,72,111.6,Completed,Late,3.0
SR-00071,2025-08-06,Central,Water,Phone,Urgent,36,30.0,Completed,On time,5.0
SR-00109,2025-08-06,West,Waste,Web,Routine,48,63.9,Completed,Late,3.0
SR-00520,2025-08-06,West,Roads,Walk-in,Urgent,120,206.2,Completed,Late,2.0
SR-00617,2025-08-06,Central,Water,Mobile app,Routine,36,60.8,Completed,Late,4.0
SR-01182,2025-08-06,North,Waste,Mobile app,Routine,48,26.8,Completed,On time,5.0
SR-01723,2025-08-06,West,Water,Web,Routine,36,72.7,Completed,Late,4.0
SR-02188,2025-08-06,Central,Roads,Mobile app,Routine,120,,Open,Open,
SR-02215,2025-08-06,East,Waste,Phone,Urgent,48,27.0,Completed,On time,4.0
SR-02344,2025-08-06,Central,Water,Walk-in,Routine,36,55.4,Completed,Late,3.0
SR-00933,2025-08-07,Central,Waste,Phone,Urgent,48,30.1,Completed,On time,5.0
SR-01142,2025-08-07,North,Water,Web,Routine,36,32.6,Completed,On time,4.0
SR-01447,2025-08-07,West,Waste,Mobile app,Urgent,48,,Open,Open,
SR-01568,2025-08-07,West,Water,Walk-in,Routine,36,31.3,Completed,On time,5.0
SR-02256,2025-08-07,East,Roads,Mobile app,Routine,120,69.1,Completed,On time,3.0
SR-00125,2025-08-08,South,Lighting,Walk-in,Routine,72,,Open,Open,
SR-00739,2025-08-08,West,Roads,Web,Routine,120,193.4,Completed,Late,2.0
SR-00871,2025-08-08,South,Lighting,Phone,Routine,72,84.7,Completed,Late,3.0
SR-00883,2025-08-08,Central,Roads,Mobile app,Routine,120,186.1,Completed,Late,3.0
SR-01415,2025-08-08,West,Water,Web,Routine,36,21.4,Completed,On time,4.0
SR-02061,2025-08-08,North,Lighting,Phone,Routine,72,97.6,Completed,Late,4.0
SR-00383,2025-08-09,West,Waste,Web,Routine,48,78.6,Completed,Late,3.0
SR-00946,2025-08-09,Central,Roads,Mobile app,Routine,120,198.5,Completed,Late,3.0
SR-01049,2025-08-09,West,Roads,Web,Routine,120,,Open,Open,
SR-01297,2025-08-09,Central,Lighting,Web,Routine,72,42.9,Completed,On time,5.0
SR-00727,2025-08-10,West,Waste,Web,Urgent,48,38.6,Completed,On time,4.0
SR-01731,2025-08-10,East,Waste,Mobile app,Urgent,48,22.4,Completed,On time,5.0
SR-01823,2025-08-10,East,Roads,Phone,Routine,120,,Open,Open,
SR-02127,2025-08-10,South,Roads,Web,Routine,120,216.0,Completed,Late,2.0
SR-00692,2025-08-11,South,Waste,Mobile app,Routine,48,51.9,Completed,Late,3.0
SR-00898,2025-08-11,North,Water,Walk-in,Routine,36,54.5,Completed,Late,3.0
SR-01053,2025-08-11,East,Waste,Web,Routine,48,49.9,Completed,Late,4.0
SR-01564,2025-08-11,East,Waste,Phone,Urgent,48,47.1,Completed,On time,4.0
SR-02312,2025-08-11,Central,Water,Phone,Routine,36,40.0,Completed,Late,3.0
SR-00152,2025-08-12,Central,Roads,Web,Urgent,120,132.6,Completed,Late,3.0
SR-00312,2025-08-12,Central,Water,Mobile app,Routine,36,23.4,Completed,On time,5.0
SR-00652,2025-08-12,Central,Waste,Mobile app,Routine,48,31.2,Completed,On time,5.0
SR-01228,2025-08-12,North,Lighting,Mobile app,Routine,72,31.3,Completed,On time,4.0
SR-01982,2025-08-12,West,Lighting,Phone,Routine,72,63.1,Completed,On time,4.0
SR-02326,2025-08-12,West,Lighting,Phone,Routine,72,127.4,Completed,Late,3.0
SR-02392,2025-08-12,West,Roads,Mobile app,Routine,120,226.3,Completed,Late,3.0
SR-00530,2025-08-13,East,Waste,Mobile app,Urgent,48,29.3,Completed,On time,5.0
SR-00830,2025-08-13,East,Waste,Phone,Urgent,48,57.4,Completed,Late,2.0
SR-01515,2025-08-13,East,Waste,Web,Routine,48,39.6,Completed,On time,5.0
SR-01740,2025-08-13,North,Roads,Phone,Routine,120,105.4,Completed,On time,5.0
SR-02145,2025-08-13,North,Lighting,Walk-in,Urgent,72,36.5,Completed,On time,4.0
SR-02233,2025-08-13,East,Lighting,Mobile app,Routine,72,70.1,Completed,On time,4.0
SR-00048,2025-08-14,West,Lighting,Mobile app,Urgent,72,51.9,Completed,On time,4.0
SR-00086,2025-08-14,West,Waste,Web,Routine,48,99.0,Completed,Late,4.0
SR-00149,2025-08-14,South,Water,Phone,Routine,36,42.9,Completed,Late,3.0
SR-00295,2025-08-14,East,Roads,Phone,Urgent,120,162.6,Completed,Late,3.0
SR-00412,2025-08-14,South,Lighting,Walk-in,Routine,72,79.6,Completed,Late,2.0
SR-00900,2025-08-14,West,Roads,Mobile app,Routine,120,254.9,Completed,Late,3.0
SR-00970,2025-08-14,South,Roads,Mobile app,Routine,120,96.4,Completed,On time,5.0
SR-01097,2025-08-14,North,Roads,Web,Urgent,120,126.5,Completed,Late,3.0
SR-02078,2025-08-14,North,Roads,Mobile app,Routine,120,117.6,Completed,On time,2.0
SR-00386,2025-08-15,North,Waste,Mobile app,Routine,48,46.7,Completed,On time,5.0
SR-00749,2025-08-15,Central,Lighting,Web,Routine,72,48.0,Completed,On time,4.0
SR-00965,2025-08-15,South,Waste,Mobile app,Routine,48,36.3,Completed,On time,5.0
SR-01157,2025-08-15,East,Lighting,Web,Routine,72,24.0,Completed,On time,5.0
SR-01299,2025-08-15,East,Roads,Mobile app,Routine,120,,Open,Open,
SR-01776,2025-08-15,South,Water,Web,Urgent,36,29.1,Completed,On time,4.0
SR-01848,2025-08-15,North,Lighting,Phone,Urgent,72,38.7,Completed,On time,5.0
SR-01938,2025-08-15,North,Waste,Phone,Routine,48,49.2,Completed,Late,3.0
SR-01958,2025-08-15,South,Lighting,Mobile app,Routine,72,83.1,Completed,Late,3.0
SR-00377,2025-08-16,North,Water,Phone,Routine,36,36.0,Completed,On time,5.0
SR-00718,2025-08-16,Central,Roads,Mobile app,Urgent,120,95.4,Completed,On time,5.0
SR-00967,2025-08-16,East,Waste,Web,Routine,48,38.4,Completed,On time,3.0
SR-01022,2025-08-16,West,Waste,Web,Routine,48,32.4,Completed,On time,4.0
SR-01099,2025-08-16,South,Lighting,Walk-in,Urgent,72,42.3,Completed,On time,4.0
SR-01495,2025-08-16,South,Waste,Web,Routine,48,61.5,Completed,Late,3.0
SR-01536,2025-08-16,East,Lighting,Mobile app,Routine,72,47.6,Completed,On time,4.0
SR-01587,2025-08-16,Central,Waste,Web,Urgent,48,35.2,Completed,On time,5.0
SR-01637,2025-08-16,South,Roads,Web,Routine,120,108.7,Completed,On time,3.0
SR-02269,2025-08-16,West,Waste,Mobile app,Routine,48,54.8,Completed,Late,3.0
SR-00092,2025-08-17,Central,Roads,Mobile app,Routine,120,133.1,Completed,Late,3.0
SR-00165,2025-08-17,East,Lighting,Mobile app,Routine,72,60.9,Completed,On time,5.0
SR-00337,2025-08-17,Central,Roads,Mobile app,Routine,120,268.9,Completed,Late,4.0
SR-00490,2025-08-17,West,Water,Web,Routine,36,41.9,Completed,Late,3.0
SR-00547,2025-08-17,Central,Waste,Mobile app,Routine,48,46.7,Completed,On time,4.0
SR-00632,2025-08-17,East,Water,Mobile app,Routine,36,27.4,Completed,On time,5.0
SR-00821,2025-08-17,South,Waste,Walk-in,Routine,48,24.6,Completed,On time,4.0
SR-00891,2025-08-17,North,Roads,Web,Routine,120,128.7,Completed,Late,3.0
SR-02083,2025-08-17,South,Waste,Phone,Routine,48,127.8,Completed,Late,2.0
SR-00074,2025-08-18,East,Roads,Web,Urgent,120,146.4,Completed,Late,4.0
SR-00099,2025-08-18,South,Lighting,Phone,Routine,72,,Open,Open,
SR-00194,2025-08-18,North,Water,Mobile app,Routine,36,20.1,Completed,On time,2.0
SR-00418,2025-08-18,West,Waste,Web,Routine,48,55.1,Completed,Late,3.0
SR-00578,2025-08-18,West,Water,Web,Routine,36,70.7,Completed,Late,3.0
SR-00958,2025-08-18,West,Waste,Web,Routine,48,55.7,Completed,Late,3.0
SR-00992,2025-08-18,West,Waste,Phone,Routine,48,23.5,Completed,On time,5.0
SR-01279,2025-08-18,South,Water,Web,Routine,36,82.7,Completed,Late,3.0
SR-00634,2025-08-19,North,Roads,Web,Urgent,120,159.5,Completed,Late,4.0
SR-00913,2025-08-19,East,Water,Mobile app,Routine,36,21.5,Completed,On time,5.0
SR-01125,2025-08-19,North,Lighting,Web,Routine,72,20.6,Completed,On time,5.0
SR-01484,2025-08-19,East,Water,Mobile app,Routine,36,54.7,Completed,Late,4.0
SR-01580,2025-08-19,East,Water,Web,Routine,36,49.3,Completed,Late,3.0
SR-01646,2025-08-19,East,Roads,Mobile app,Routine,120,138.2,Completed,Late,2.0
SR-01647,2025-08-19,Central,Roads,Mobile app,Urgent,120,113.1,Completed,On time,5.0
SR-01923,2025-08-19,Central,Waste,Web,Routine,48,35.6,Completed,On time,5.0
SR-01964,2025-08-19,East,Lighting,Web,Routine,72,48.4,Completed,On time,4.0
SR-02175,2025-08-19,Central,Water,Web,Critical,36,17.1,Completed,On time,4.0
SR-00017,2025-08-20,Central,Roads,Mobile app,Routine,120,270.6,Completed,Late,3.0
SR-00204,2025-08-20,West,Waste,Mobile app,Urgent,48,21.3,Completed,On time,5.0
SR-00342,2025-08-20,West,Roads,Walk-in,Routine,120,136.9,Completed,Late,3.0
SR-01070,2025-08-20,East,Water,Phone,Routine,36,,Open,Open,
SR-01085,2025-08-20,West,Roads,Mobile app,Routine,120,178.5,Completed,Late,3.0
SR-00013,2025-08-21,South,Roads,Phone,Routine,120,266.7,Completed,Late,3.0
SR-00496,2025-08-21,West,Waste,Mobile app,Routine,48,38.2,Completed,On time,4.0
SR-01179,2025-08-21,East,Waste,Mobile app,Routine,48,70.9,Completed,Late,2.0
SR-01245,2025-08-21,East,Waste,Web,Routine,48,15.9,Completed,On time,5.0
SR-01285,2025-08-21,South,Lighting,Web,Critical,72,52.1,Completed,On time,3.0
SR-01340,2025-08-21,North,Waste,Mobile app,Routine,48,12.3,Completed,On time,4.0
SR-02013,2025-08-21,Central,Roads,Phone,Routine,120,160.3,Completed,Late,3.0
SR-02045,2025-08-21,East,Lighting,Web,Routine,72,81.9,Completed,Late,3.0
SR-00500,2025-08-22,East,Roads,Web,Routine,120,165.4,Completed,Late,2.0
SR-01091,2025-08-22,West,Waste,Phone,Urgent,48,32.1,Completed,On time,5.0
SR-01356,2025-08-22,Central,Lighting,Phone,Urgent,72,24.9,Completed,On time,5.0
SR-01948,2025-08-22,South,Roads,Mobile app,Routine,120,112.7,Completed,On time,5.0
SR-00119,2025-08-23,East,Waste,Web,Routine,48,28.6,Completed,On time,5.0
SR-00893,2025-08-23,East,Roads,Walk-in,Routine,120,109.8,Completed,On time,4.0
SR-01075,2025-08-23,South,Water,Mobile app,Routine,36,23.3,Completed,On time,5.0
SR-01203,2025-08-23,Central,Lighting,Walk-in,Urgent,72,67.8,Completed,On time,5.0
SR-01918,2025-08-23,West,Water,Mobile app,Routine,36,40.1,Completed,Late,3.0
SR-02201,2025-08-23,South,Lighting,Web,Critical,72,13.4,Completed,On time,4.0
SR-00818,2025-08-24,Central,Lighting,Phone,Routine,72,62.5,Completed,On time,5.0
SR-01192,2025-08-24,South,Roads,Walk-in,Routine,120,65.8,Completed,On time,3.0
SR-01591,2025-08-24,North,Water,Mobile app,Urgent,36,38.0,Completed,Late,2.0
SR-01843,2025-08-24,West,Lighting,Phone,Routine,72,61.0,Completed,On time,4.0
SR-02012,2025-08-24,Central,Roads,Mobile app,Routine,120,118.0,Completed,On time,4.0
SR-00619,2025-08-25,Central,Roads,Phone,Routine,120,75.4,Completed,On time,3.0
SR-00730,2025-08-25,Central,Roads,Web,Routine,120,138.3,Completed,Late,3.0
SR-00794,2025-08-25,Central,Waste,Web,Routine,48,,Open,Open,
SR-01372,2025-08-25,East,Roads,Walk-in,Routine,120,167.7,Completed,Late,3.0
SR-01559,2025-08-25,West,Waste,Mobile app,Routine,48,60.6,Completed,Late,3.0
SR-01825,2025-08-25,Central,Roads,Web,Routine,120,87.8,Completed,On time,4.0
SR-02103,2025-08-25,West,Waste,Walk-in,Routine,48,19.2,Completed,On time,5.0
SR-02257,2025-08-25,East,Waste,Mobile app,Routine,48,38.1,Completed,On time,5.0
SR-00045,2025-08-26,East,Water,Mobile app,Routine,36,40.5,Completed,Late,3.0
SR-00289,2025-08-26,South,Water,Phone,Urgent,36,21.2,Completed,On time,5.0
SR-00989,2025-08-26,West,Water,Web,Routine,36,37.3,Completed,Late,3.0
SR-01112,2025-08-26,North,Water,Web,Routine,36,50.0,Completed,Late,3.0
SR-01256,2025-08-26,North,Lighting,Web,Routine,72,,Open,Open,
SR-01517,2025-08-26,South,Lighting,Mobile app,Critical,72,69.0,Completed,On time,3.0
SR-02337,2025-08-26,North,Waste,Phone,Routine,48,54.2,Completed,Late,3.0
SR-00884,2025-08-27,South,Waste,Walk-in,Routine,48,47.6,Completed,On time,4.0
SR-01295,2025-08-27,East,Lighting,Web,Urgent,72,36.0,Completed,On time,4.0
SR-02279,2025-08-27,South,Roads,Web,Urgent,120,112.8,Completed,On time,5.0
SR-00358,2025-08-28,West,Lighting,Mobile app,Routine,72,121.7,Completed,Late,4.0
SR-00673,2025-08-28,North,Water,Phone,Routine,36,38.7,Completed,Late,4.0
SR-00984,2025-08-28,South,Lighting,Web,Urgent,72,56.1,Completed,On time,4.0
SR-01507,2025-08-28,West,Water,Web,Urgent,36,12.4,Completed,On time,4.0
SR-02162,2025-08-28,North,Waste,Web,Routine,48,38.2,Completed,On time,4.0
SR-00188,2025-08-29,North,Roads,Web,Urgent,120,,Open,Open,
SR-00700,2025-08-29,West,Water,Web,Routine,36,41.2,Completed,Late,4.0
SR-00740,2025-08-29,West,Waste,Phone,Critical,48,26.1,Completed,On time,4.0
SR-00872,2025-08-29,South,Water,Phone,Routine,36,45.4,Completed,Late,3.0
SR-00890,2025-08-29,South,Roads,Phone,Routine,120,123.8,Completed,Late,3.0
SR-01362,2025-08-29,Central,Waste,Mobile app,Routine,48,57.2,Completed,Late,4.0
SR-01420,2025-08-29,East,Water,Mobile app,Routine,36,28.9,Completed,On time,4.0
SR-01653,2025-08-29,Central,Waste,Phone,Routine,48,65.2,Completed,Late,3.0
SR-02203,2025-08-29,Central,Waste,Walk-in,Routine,48,19.1,Completed,On time,5.0
SR-00789,2025-08-30,Central,Lighting,Phone,Routine,72,69.0,Completed,On time,5.0
SR-01304,2025-08-30,East,Roads,Walk-in,Routine,120,,Open,Open,
SR-01355,2025-08-30,South,Waste,Mobile app,Routine,48,69.5,Completed,Late,4.0
SR-01381,2025-08-30,Central,Roads,Mobile app,Routine,120,113.1,Completed,On time,5.0
SR-01627,2025-08-30,Central,Waste,Phone,Routine,48,32.3,Completed,On time,5.0
SR-01728,2025-08-30,North,Lighting,Walk-in,Routine,72,87.6,Completed,Late,2.0
SR-02157,2025-08-30,Central,Water,Web,Routine,36,51.2,Completed,Late,4.0
SR-00212,2025-08-31,South,Waste,Mobile app,Routine,48,48.4,Completed,Late,3.0
SR-00489,2025-08-31,Central,Roads,Walk-in,Urgent,120,,Open,Open,
SR-01031,2025-08-31,South,Roads,Mobile app,Routine,120,121.1,Completed,Late,2.0
SR-02007,2025-08-31,North,Roads,Phone,Routine,120,124.9,Completed,Late,3.0
SR-00903,2025-09-01,South,Lighting,Phone,Critical,72,20.8,Completed,On time,5.0
SR-01518,2025-09-01,East,Waste,Mobile app,Routine,48,22.8,Completed,On time,4.0
SR-01734,2025-09-01,South,Water,Walk-in,Routine,36,,Open,Open,
SR-02343,2025-09-01,East,Roads,Phone,Routine,120,124.7,Completed,Late,2.0
SR-00006,2025-09-02,West,Waste,Mobile app,Routine,48,32.3,Completed,On time,5.0
SR-00316,2025-09-02,North,Roads,Web,Routine,120,69.2,Completed,On time,5.0
SR-00676,2025-09-02,North,Water,Phone,Routine,36,26.6,Completed,On time,5.0
SR-01063,2025-09-02,North,Roads,Web,Urgent,120,85.7,Completed,On time,5.0
SR-01172,2025-09-02,Central,Roads,Mobile app,Routine,120,155.0,Completed,Late,3.0
SR-02278,2025-09-02,South,Lighting,Phone,Routine,72,52.4,Completed,On time,5.0
SR-00161,2025-09-03,West,Roads,Walk-in,Routine,120,170.7,Completed,Late,4.0
SR-00210,2025-09-03,South,Roads,Web,Routine,120,120.2,Completed,Late,4.0
SR-00669,2025-09-03,Central,Waste,Web,Routine,48,40.9,Completed,On time,5.0
SR-01030,2025-09-03,West,Lighting,Phone,Urgent,72,42.9,Completed,On time,4.0
SR-01143,2025-09-03,East,Lighting,Web,Routine,72,37.3,Completed,On time,3.0
SR-01528,2025-09-03,West,Lighting,Phone,Urgent,72,43.4,Completed,On time,5.0
SR-01537,2025-09-03,North,Lighting,Mobile app,Routine,72,67.6,Completed,On time,5.0
SR-01768,2025-09-03,West,Water,Walk-in,Routine,36,52.8,Completed,Late,3.0
SR-02000,2025-09-03,North,Lighting,Mobile app,Routine,72,118.7,Completed,Late,4.0
SR-02030,2025-09-03,East,Water,Web,Routine,36,27.4,Completed,On time,4.0
SR-02044,2025-09-03,Central,Roads,Web,Routine,120,163.2,Completed,Late,4.0
SR-02254,2025-09-03,South,Roads,Phone,Urgent,120,144.7,Completed,Late,3.0
SR-00527,2025-09-04,South,Waste,Phone,Urgent,48,21.4,Completed,On time,4.0
SR-01077,2025-09-04,Central,Water,Mobile app,Urgent,36,23.5,Completed,On time,5.0
SR-01826,2025-09-04,North,Waste,Walk-in,Routine,48,17.1,Completed,On time,5.0
SR-01875,2025-09-04,South,Water,Web,Urgent,36,15.6,Completed,On time,4.0
SR-02214,2025-09-04,West,Roads,Walk-in,Routine,120,137.7,Completed,Late,3.0
SR-00128,2025-09-05,North,Waste,Phone,Urgent,48,47.9,Completed,On time,4.0
SR-00559,2025-09-05,West,Water,Phone,Routine,36,38.3,Completed,Late,3.0
SR-00894,2025-09-05,South,Waste,Web,Urgent,48,32.5,Completed,On time,5.0
SR-01281,2025-09-05,Central,Roads,Web,Routine,120,,Open,Open,
SR-01365,2025-09-05,South,Lighting,Mobile app,Routine,72,60.8,Completed,On time,5.0
SR-01976,2025-09-05,South,Water,Phone,Routine,36,16.3,Completed,On time,4.0
SR-02183,2025-09-05,Central,Water,Phone,Routine,36,44.0,Completed,Late,3.0
SR-02327,2025-09-05,South,Roads,Phone,Routine,120,163.8,Completed,Late,3.0
SR-00431,2025-09-06,West,Water,Mobile app,Routine,36,63.7,Completed,Late,2.0
SR-00603,2025-09-06,West,Water,Walk-in,Urgent,36,18.3,Completed,On time,3.0
SR-01050,2025-09-06,West,Waste,Mobile app,Routine,48,36.0,Completed,On time,4.0
SR-01123,2025-09-06,Central,Waste,Mobile app,Routine,48,39.9,Completed,On time,3.0
SR-01205,2025-09-06,Central,Roads,Mobile app,Routine,120,133.0,Completed,Late,4.0
SR-01705,2025-09-06,West,Lighting,Web,Urgent,72,79.7,Completed,Late,2.0
SR-01812,2025-09-06,East,Lighting,Phone,Critical,72,22.3,Completed,On time,4.0
SR-02185,2025-09-06,West,Water,Phone,Routine,36,53.3,Completed,Late,2.0
SR-02400,2025-09-06,South,Water,Mobile app,Urgent,36,25.4,Completed,On time,4.0
SR-00306,2025-09-07,West,Roads,Mobile app,Routine,120,126.3,Completed,Late,3.0
SR-00696,2025-09-07,Central,Roads,Mobile app,Routine,120,86.4,Completed,On time,4.0
SR-00911,2025-09-07,West,Waste,Web,Routine,48,37.2,Completed,On time,5.0
SR-01459,2025-09-07,East,Lighting,Web,Urgent,72,36.0,Completed,On time,4.0
SR-01852,2025-09-07,Central,Water,Mobile app,Urgent,36,18.6,Completed,On time,4.0
SR-02118,2025-09-07,South,Waste,Mobile app,Routine,48,,Open,Open,
SR-00694,2025-09-08,East,Waste,Phone,Routine,48,44.3,Completed,On time,4.0
SR-00810,2025-09-08,North,Water,Web,Urgent,36,13.2,Completed,On time,5.0
SR-01345,2025-09-08,South,Waste,Walk-in,Routine,48,33.8,Completed,On time,5.0
SR-02011,2025-09-08,Central,Water,Web,Urgent,36,19.9,Completed,On time,5.0
SR-02088,2025-09-08,East,Lighting,Phone,Routine,72,68.4,Completed,On time,5.0
SR-00328,2025-09-09,Central,Lighting,Phone,Routine,72,,Open,Open,
SR-01026,2025-09-09,North,Roads,Mobile app,Routine,120,150.0,Completed,Late,3.0
SR-01397,2025-09-09,South,Lighting,Mobile app,Routine,72,60.2,Completed,On time,5.0
SR-01471,2025-09-09,North,Waste,Web,Urgent,48,,Open,Open,
SR-01618,2025-09-09,South,Roads,Web,Routine,120,488.0,Completed,Late,3.0
SR-01907,2025-09-09,West,Waste,Mobile app,Urgent,48,60.8,Completed,Late,3.0
SR-00001,2025-09-10,South,Waste,Mobile app,Routine,48,56.5,Completed,Late,2.0
SR-00354,2025-09-10,West,Roads,Mobile app,Routine,120,185.0,Completed,Late,3.0
SR-00526,2025-09-10,West,Roads,Phone,Routine,120,82.7,Completed,On time,4.0
SR-00532,2025-09-10,South,Water,Walk-in,Routine,36,42.7,Completed,Late,3.0
SR-00831,2025-09-10,Central,Lighting,Phone,Critical,72,33.8,Completed,On time,4.0
SR-00856,2025-09-10,East,Roads,Web,Urgent,120,142.8,Completed,Late,3.0
SR-01327,2025-09-10,East,Roads,Web,Routine,120,174.4,Completed,Late,4.0
SR-02313,2025-09-10,East,Waste,Mobile app,Routine,48,,Open,Open,
SR-00167,2025-09-11,Central,Waste,Web,Routine,48,60.5,Completed,Late,3.0
SR-00254,2025-09-11,North,Roads,Web,Critical,120,33.7,Completed,On time,2.0
SR-01550,2025-09-11,South,Lighting,Walk-in,Routine,72,134.5,Completed,Late,1.0
SR-01824,2025-09-11,West,Waste,Phone,Routine,48,35.1,Completed,On time,4.0
SR-00333,2025-09-12,East,Waste,Mobile app,Urgent,48,30.5,Completed,On time,4.0
SR-01220,2025-09-12,West,Waste,Mobile app,Urgent,48,23.6,Completed,On time,4.0
SR-01783,2025-09-12,West,Lighting,Phone,Routine,72,76.2,Completed,Late,3.0
SR-01936,2025-09-12,West,Waste,Walk-in,Routine,48,25.6,Completed,On time,4.0
SR-02384,2025-09-12,East,Roads,Phone,Urgent,120,129.5,Completed,Late,3.0
SR-00166,2025-09-13,Central,Waste,Web,Routine,48,45.8,Completed,On time,3.0
SR-00307,2025-09-13,West,Water,Phone,Routine,36,45.5,Completed,Late,2.0
SR-00353,2025-09-13,North,Waste,Web,Urgent,48,30.3,Completed,On time,4.0
SR-00459,2025-09-13,East,Lighting,Phone,Routine,72,45.6,Completed,On time,4.0
SR-00776,2025-09-13,East,Lighting,Mobile app,Routine,72,70.3,Completed,On time,5.0
SR-01201,2025-09-13,South,Waste,Web,Routine,48,62.0,Completed,Late,3.0
SR-02018,2025-09-13,North,Roads,Mobile app,Routine,120,252.9,Completed,Late,2.0
SR-00535,2025-09-14,Central,Waste,Web,Critical,48,11.8,Completed,On time,5.0
SR-00579,2025-09-14,East,Roads,Walk-in,Routine,120,58.1,Completed,On time,5.0
SR-01514,2025-09-14,South,Waste,Web,Urgent,48,19.0,Completed,On time,4.0
SR-01621,2025-09-14,South,Roads,Mobile app,Routine,120,,Open,Open,
SR-00664,2025-09-15,East,Water,Web,Routine,36,21.1,Completed,On time,4.0
SR-01141,2025-09-15,Central,Roads,Phone,Critical,120,55.0,Completed,On time,5.0
SR-01232,2025-09-15,East,Waste,Web,Routine,48,41.6,Completed,On time,5.0
SR-01439,2025-09-15,West,Waste,Phone,Urgent,48,,Open,Open,
SR-01756,2025-09-15,South,Lighting,Mobile app,Routine,72,39.7,Completed,On time,4.0
SR-00492,2025-09-16,West,Lighting,Mobile app,Routine,72,46.2,Completed,On time,5.0
SR-00549,2025-09-16,East,Waste,Mobile app,Routine,48,22.0,Completed,On time,2.0
SR-00600,2025-09-16,West,Waste,Mobile app,Routine,48,32.9,Completed,On time,3.0
SR-00639,2025-09-16,East,Roads,Walk-in,Routine,120,92.9,Completed,On time,4.0
SR-01209,2025-09-16,East,Roads,Mobile app,Routine,120,70.6,Completed,On time,5.0
SR-01244,2025-09-16,East,Waste,Mobile app,Routine,48,40.2,Completed,On time,4.0
SR-01520,2025-09-16,East,Lighting,Web,Urgent,72,27.6,Completed,On time,4.0
SR-01533,2025-09-16,South,Lighting,Mobile app,Routine,72,89.0,Completed,Late,3.0
SR-01686,2025-09-16,South,Roads,Mobile app,Urgent,120,144.0,Completed,Late,3.0
SR-02151,2025-09-16,Central,Roads,Mobile app,Routine,120,166.0,Completed,Late,4.0
SR-00030,2025-09-17,North,Roads,Mobile app,Routine,120,194.6,Completed,Late,3.0
SR-00058,2025-09-17,East,Water,Phone,Routine,36,,Open,Open,
SR-00545,2025-09-17,West,Lighting,Phone,Routine,72,39.8,Completed,On time,5.0
SR-00948,2025-09-17,Central,Waste,Phone,Routine,48,53.0,Completed,Late,4.0
SR-01683,2025-09-17,Central,Waste,Mobile app,Routine,48,31.4,Completed,On time,5.0
SR-00266,2025-09-18,North,Roads,Mobile app,Urgent,120,107.2,Completed,On time,4.0
SR-00462,2025-09-18,South,Roads,Mobile app,Critical,120,,Open,Open,
SR-01461,2025-09-18,Central,Waste,Web,Routine,48,50.1,Completed,Late,4.0
SR-01676,2025-09-18,Central,Roads,Phone,Routine,120,158.1,Completed,Late,3.0
SR-01722,2025-09-18,North,Waste,Mobile app,Urgent,48,25.0,Completed,On time,5.0
SR-01774,2025-09-18,North,Lighting,Web,Routine,72,143.1,Completed,Late,3.0
SR-02085,2025-09-18,North,Roads,Web,Urgent,120,64.9,Completed,On time,4.0
SR-00139,2025-09-19,West,Water,Phone,Routine,36,32.5,Completed,On time,3.0
SR-00568,2025-09-19,Central,Waste,Phone,Routine,48,20.6,Completed,On time,5.0
SR-00887,2025-09-19,East,Lighting,Web,Routine,72,37.3,Completed,On time,4.0
SR-01011,2025-09-19,West,Waste,Mobile app,Urgent,48,21.2,Completed,On time,5.0
SR-01999,2025-09-19,Central,Lighting,Mobile app,Routine,72,62.7,Completed,On time,5.0
SR-00636,2025-09-20,Central,Lighting,Mobile app,Routine,72,,Open,Open,
SR-00855,2025-09-20,Central,Roads,Mobile app,Routine,120,66.0,Completed,On time,4.0
SR-00976,2025-09-20,East,Lighting,Web,Routine,72,42.1,Completed,On time,4.0
SR-01178,2025-09-20,West,Roads,Walk-in,Routine,120,119.4,Completed,On time,5.0
SR-01289,2025-09-20,South,Roads,Web,Routine,120,128.7,Completed,Late,4.0
SR-01303,2025-09-20,East,Waste,Phone,Routine,48,37.8,Completed,On time,4.0
SR-01422,2025-09-20,West,Lighting,Web,Routine,72,56.7,Completed,On time,4.0
SR-01657,2025-09-20,South,Water,Web,Routine,36,45.3,Completed,Late,3.0
SR-01678,2025-09-20,South,Lighting,Web,Urgent,72,34.7,Completed,On time,4.0
SR-02068,2025-09-20,North,Roads,Web,Urgent,120,146.4,Completed,Late,2.0
SR-02245,2025-09-20,Central,Lighting,Phone,Routine,72,66.4,Completed,On time,5.0
SR-00397,2025-09-21,West,Water,Web,Urgent,36,30.6,Completed,On time,4.0
SR-00414,2025-09-21,East,Waste,Web,Routine,48,40.1,Completed,On time,5.0
SR-00556,2025-09-21,Central,Lighting,Phone,Routine,72,35.3,Completed,On time,4.0
SR-00680,2025-09-21,Central,Roads,Mobile app,Routine,120,123.4,Completed,Late,4.0
SR-01005,2025-09-21,South,Waste,Mobile app,Routine,48,54.9,Completed,Late,4.0
SR-01696,2025-09-21,South,Water,Web,Urgent,36,35.4,Completed,On time,4.0
SR-01968,2025-09-21,East,Water,Mobile app,Routine,36,43.6,Completed,Late,4.0
SR-01990,2025-09-21,North,Waste,Web,Urgent,48,27.4,Completed,On time,4.0
SR-00093,2025-09-22,East,Roads,Mobile app,Routine,120,215.0,Completed,Late,4.0
SR-00360,2025-09-22,West,Lighting,Walk-in,Routine,72,115.1,Completed,Late,2.0
SR-00848,2025-09-22,North,Water,Web,Routine,36,22.3,Completed,On time,4.0
SR-01213,2025-09-22,North,Water,Mobile app,Routine,36,34.3,Completed,On time,3.0
SR-01546,2025-09-22,East,Roads,Mobile app,Routine,120,131.3,Completed,Late,3.0
SR-01573,2025-09-22,East,Water,Phone,Routine,36,23.2,Completed,On time,5.0
SR-01966,2025-09-22,North,Water,Phone,Urgent,36,23.4,Completed,On time,4.0
SR-00141,2025-09-23,South,Lighting,Phone,Urgent,72,27.4,Completed,On time,5.0
SR-00317,2025-09-23,Central,Waste,Web,Routine,48,32.2,Completed,On time,4.0
SR-00324,2025-09-23,West,Lighting,Walk-in,Routine,72,40.1,Completed,On time,4.0
SR-00449,2025-09-23,East,Lighting,Web,Routine,72,53.4,Completed,On time,5.0
SR-00671,2025-09-23,North,Lighting,Walk-in,Routine,72,28.1,Completed,On time,5.0
SR-00043,2025-09-24,West,Waste,Phone,Routine,48,73.9,Completed,Late,3.0
SR-00620,2025-09-24,Central,Waste,Mobile app,Routine,48,34.1,Completed,On time,5.0
SR-00971,2025-09-24,South,Roads,Mobile app,Routine,120,86.8,Completed,On time,5.0
SR-01276,2025-09-24,North,Water,Web,Routine,36,19.7,Completed,On time,4.0
SR-01796,2025-09-24,Central,Roads,Phone,Routine,120,108.2,Completed,On time,5.0
SR-01814,2025-09-24,Central,Roads,Mobile app,Routine,120,180.0,Completed,Late,3.0
SR-02062,2025-09-24,West,Roads,Walk-in,Routine,120,140.0,Completed,Late,3.0
SR-02231,2025-09-24,South,Waste,Phone,Routine,48,38.1,Completed,On time,3.0
SR-02236,2025-09-24,West,Lighting,Phone,Urgent,72,38.8,Completed,On time,5.0
SR-02262,2025-09-24,East,Water,Phone,Critical,36,19.9,Completed,On time,5.0
SR-00705,2025-09-25,Central,Lighting,Phone,Critical,72,26.1,Completed,On time,3.0
SR-00714,2025-09-25,South,Lighting,Mobile app,Routine,72,76.5,Completed,Late,4.0
SR-00944,2025-09-25,South,Roads,Mobile app,Routine,120,188.9,Completed,Late,3.0
SR-01230,2025-09-25,West,Water,Mobile app,Routine,36,49.8,Completed,Late,4.0
SR-01534,2025-09-25,North,Lighting,Walk-in,Routine,72,119.1,Completed,Late,2.0
SR-01858,2025-09-25,North,Roads,Web,Urgent,120,117.2,Completed,On time,4.0
SR-00447,2025-09-26,South,Lighting,Web,Routine,72,131.1,Completed,Late,3.0
SR-00586,2025-09-26,West,Roads,Mobile app,Routine,120,85.9,Completed,On time,4.0
SR-01351,2025-09-26,East,Roads,Walk-in,Urgent,120,115.4,Completed,On time,4.0
SR-01511,2025-09-26,Central,Lighting,Web,Routine,72,53.8,Completed,On time,5.0
SR-01745,2025-09-26,North,Waste,Web,Routine,48,40.3,Completed,On time,5.0
SR-01908,2025-09-26,Central,Water,Web,Critical,36,16.4,Completed,On time,5.0
SR-00271,2025-09-27,West,Water,Mobile app,Urgent,36,43.1,Completed,Late,2.0
SR-00290,2025-09-27,Central,Waste,Web,Routine,48,37.1,Completed,On time,5.0
SR-01204,2025-09-27,Central,Water,Phone,Urgent,36,24.2,Completed,On time,5.0
SR-01933,2025-09-27,West,Waste,Web,Urgent,48,30.2,Completed,On time,5.0
SR-00487,2025-09-28,Central,Water,Walk-in,Urgent,36,30.0,Completed,On time,4.0
SR-00633,2025-09-28,North,Roads,Web,Urgent,120,69.6,Completed,On time,3.0
SR-00733,2025-09-28,East,Roads,Phone,Urgent,120,69.5,Completed,On time,4.0
SR-01283,2025-09-28,North,Waste,Web,Routine,48,55.5,Completed,Late,3.0
SR-02377,2025-09-28,East,Roads,Web,Routine,120,77.2,Completed,On time,5.0
SR-02399,2025-09-28,East,Roads,Phone,Urgent,120,75.5,Completed,On time,4.0
SR-00300,2025-09-29,West,Waste,Web,Routine,48,,Open,Open,
SR-00340,2025-09-29,South,Waste,Phone,Routine,48,43.7,Completed,On time,5.0
SR-00348,2025-09-29,South,Lighting,Web,Urgent,72,56.1,Completed,On time,5.0
SR-00480,2025-09-29,Central,Roads,Walk-in,Critical,120,78.9,Completed,On time,5.0
SR-00583,2025-09-29,North,Roads,Phone,Urgent,120,45.3,Completed,On time,4.0
SR-00647,2025-09-29,West,Roads,Phone,Urgent,120,152.6,Completed,Late,3.0
SR-00651,2025-09-29,Central,Lighting,Mobile app,Routine,72,37.5,Completed,On time,4.0
SR-00881,2025-09-29,East,Lighting,Mobile app,Routine,72,46.1,Completed,On time,5.0
SR-00953,2025-09-29,East,Waste,Web,Routine,48,42.2,Completed,On time,5.0
SR-01160,2025-09-29,West,Lighting,Mobile app,Routine,72,62.0,Completed,On time,3.0
SR-01348,2025-09-29,South,Roads,Mobile app,Routine,120,109.2,Completed,On time,3.0
SR-01892,2025-09-29,South,Waste,Web,Routine,48,39.0,Completed,On time,3.0
SR-00102,2025-09-30,East,Waste,Mobile app,Routine,48,14.0,Completed,On time,5.0
SR-00132,2025-09-30,Central,Waste,Mobile app,Routine,48,32.3,Completed,On time,5.0
SR-00557,2025-09-30,North,Roads,Phone,Urgent,120,52.7,Completed,On time,5.0
SR-00823,2025-09-30,West,Waste,Walk-in,Routine,48,42.8,Completed,On time,3.0
SR-00928,2025-09-30,East,Lighting,Phone,Routine,72,44.0,Completed,On time,3.0
SR-00978,2025-09-30,North,Lighting,Mobile app,Routine,72,,Open,Open,
SR-01175,2025-09-30,North,Lighting,Phone,Routine,72,54.3,Completed,On time,3.0
SR-02224,2025-09-30,South,Roads,Web,Routine,120,127.1,Completed,Late,4.0
SR-00065,2025-10-01,North,Water,Phone,Urgent,36,20.2,Completed,On time,4.0
SR-00452,2025-10-01,North,Lighting,Walk-in,Routine,72,58.7,Completed,On time,5.0
SR-01540,2025-10-01,North,Roads,Mobile app,Urgent,120,70.0,Completed,On time,4.0
SR-02017,2025-10-01,South,Lighting,Web,Urgent,72,34.4,Completed,On time,5.0
SR-00455,2025-10-02,West,Water,Walk-in,Routine,36,29.0,Completed,On time,5.0
SR-00945,2025-10-02,Central,Waste,Web,Urgent,48,15.5,Completed,On time,5.0
SR-01065,2025-10-02,Central,Roads,Phone,Routine,120,212.6,Completed,Late,4.0
SR-01225,2025-10-02,Central,Lighting,Mobile app,Routine,72,20.3,Completed,On time,5.0
SR-01363,2025-10-02,Central,Lighting,Web,Routine,72,41.8,Completed,On time,3.0
SR-01598,2025-10-02,East,Roads,Phone,Routine,120,102.0,Completed,On time,5.0
SR-01929,2025-10-02,Central,Roads,Phone,Routine,120,62.3,Completed,On time,3.0
SR-01973,2025-10-02,North,Waste,Mobile app,Urgent,48,28.2,Completed,On time,5.0
SR-02156,2025-10-02,Central,Lighting,Web,Urgent,72,15.4,Completed,On time,5.0
SR-02264,2025-10-02,South,Lighting,Phone,Critical,72,16.6,Completed,On time,5.0
SR-02391,2025-10-02,South,Waste,Phone,Urgent,48,38.6,Completed,On time,4.0
SR-02397,2025-10-02,East,Lighting,Walk-in,Routine,72,58.1,Completed,On time,5.0
SR-00009,2025-10-03,East,Roads,Phone,Routine,120,220.2,Completed,Late,3.0
SR-00309,2025-10-03,East,Water,Web,Urgent,36,22.9,Completed,On time,4.0
SR-00343,2025-10-03,East,Lighting,Mobile app,Routine,72,40.5,Completed,On time,4.0
SR-00380,2025-10-03,North,Roads,Phone,Routine,120,127.4,Completed,Late,3.0
SR-00423,2025-10-03,West,Lighting,Phone,Routine,72,59.4,Completed,On time,4.0
SR-00607,2025-10-03,South,Roads,Phone,Critical,120,99.0,Completed,On time,5.0
SR-00767,2025-10-03,Central,Water,Mobile app,Routine,36,27.0,Completed,On time,4.0
SR-00315,2025-10-04,East,Water,Phone,Routine,36,32.0,Completed,On time,3.0
SR-00824,2025-10-04,North,Roads,Web,Routine,120,80.1,Completed,On time,3.0
SR-01434,2025-10-04,North,Roads,Phone,Routine,120,103.0,Completed,On time,4.0
SR-01840,2025-10-04,Central,Lighting,Web,Urgent,72,67.2,Completed,On time,5.0
SR-00066,2025-10-05,Central,Lighting,Phone,Urgent,72,57.6,Completed,On time,3.0
SR-00702,2025-10-05,South,Lighting,Web,Routine,72,70.1,Completed,On time,3.0
SR-01632,2025-10-05,South,Lighting,Mobile app,Urgent,72,,Open,Open,
SR-01752,2025-10-05,West,Water,Web,Routine,36,14.7,Completed,On time,4.0
SR-02282,2025-10-05,North,Roads,Mobile app,Urgent,120,102.2,Completed,On time,5.0
SR-00106,2025-10-06,Central,Waste,Phone,Routine,48,146.4,Completed,Late,3.0
SR-00711,2025-10-06,Central,Lighting,Phone,Routine,72,31.5,Completed,On time,4.0
SR-01494,2025-10-06,East,Roads,Web,Critical,120,84.3,Completed,On time,4.0
SR-01663,2025-10-06,North,Waste,Mobile app,Routine,48,12.4,Completed,On time,5.0
SR-01665,2025-10-06,North,Roads,Mobile app,Routine,120,83.3,Completed,On time,4.0
SR-00643,2025-10-07,Central,Waste,Web,Routine,48,18.7,Completed,On time,3.0
SR-01043,2025-10-07,West,Waste,Web,Routine,48,32.7,Completed,On time,4.0
SR-01368,2025-10-07,South,Roads,Phone,Routine,120,134.8,Completed,Late,3.0
SR-01506,2025-10-07,West,Lighting,Web,Routine,72,22.0,Completed,On time,5.0
SR-01634,2025-10-07,Central,Roads,Web,Urgent,120,65.6,Completed,On time,4.0
SR-01739,2025-10-07,East,Waste,Web,Urgent,48,24.4,Completed,On time,5.0
SR-00531,2025-10-08,Central,Waste,Mobile app,Routine,48,27.9,Completed,On time,5.0
SR-01358,2025-10-08,West,Lighting,Mobile app,Routine,72,85.1,Completed,Late,4.0
SR-01474,2025-10-08,East,Roads,Phone,Routine,120,111.1,Completed,On time,5.0
SR-01476,2025-10-08,North,Roads,Web,Routine,120,144.9,Completed,Late,3.0
SR-02325,2025-10-08,South,Water,Phone,Urgent,36,37.3,Completed,Late,4.0
SR-00111,2025-10-09,Central,Waste,Mobile app,Routine,48,72.9,Completed,Late,4.0
SR-00508,2025-10-09,East,Waste,Web,Urgent,48,18.4,Completed,On time,3.0
SR-01376,2025-10-09,West,Waste,Mobile app,Routine,48,88.3,Completed,Late,3.0
SR-02239,2025-10-09,West,Waste,Phone,Routine,48,70.7,Completed,Late,3.0
SR-02353,2025-10-09,West,Water,Walk-in,Routine,36,61.7,Completed,Late,2.0
SR-00008,2025-10-10,South,Lighting,Mobile app,Urgent,72,76.7,Completed,Late,3.0
SR-00551,2025-10-10,North,Lighting,Walk-in,Routine,72,52.9,Completed,On time,4.0
SR-01829,2025-10-10,Central,Roads,Mobile app,Routine,120,45.0,Completed,On time,4.0
SR-00678,2025-10-11,East,Waste,Mobile app,Routine,48,31.1,Completed,On time,4.0
SR-01883,2025-10-11,Central,Waste,Walk-in,Critical,48,54.5,Completed,Late,4.0
SR-02173,2025-10-11,Central,Waste,Walk-in,Critical,48,23.3,Completed,On time,5.0
SR-02398,2025-10-11,East,Waste,Phone,Routine,48,66.1,Completed,Late,3.0
SR-00010,2025-10-12,South,Roads,Walk-in,Routine,120,157.6,Completed,Late,3.0
SR-00875,2025-10-12,South,Roads,Phone,Routine,120,69.1,Completed,On time,4.0
SR-00977,2025-10-12,South,Lighting,Phone,Routine,72,48.1,Completed,On time,4.0
SR-01410,2025-10-12,Central,Water,Phone,Routine,36,28.7,Completed,On time,5.0
SR-01640,2025-10-12,West,Waste,Phone,Routine,48,23.3,Completed,On time,4.0
SR-01850,2025-10-12,North,Waste,Mobile app,Routine,48,,Open,Open,
SR-02195,2025-10-12,West,Water,Mobile app,Routine,36,53.2,Completed,Late,2.0
SR-00298,2025-10-13,South,Water,Mobile app,Routine,36,56.5,Completed,Late,3.0
SR-00805,2025-10-13,West,Waste,Web,Critical,48,24.5,Completed,On time,5.0
SR-02146,2025-10-13,West,Waste,Web,Routine,48,30.5,Completed,On time,5.0
SR-02303,2025-10-13,East,Roads,Walk-in,Routine,120,112.5,Completed,On time,5.0
SR-00091,2025-10-14,East,Roads,Mobile app,Urgent,120,68.5,Completed,On time,4.0
SR-01336,2025-10-14,Central,Water,Walk-in,Routine,36,,Open,Open,
SR-01700,2025-10-14,North,Water,Phone,Critical,36,7.4,Completed,On time,5.0
SR-01963,2025-10-14,West,Roads,Mobile app,Routine,120,177.5,Completed,Late,3.0
SR-00378,2025-10-15,East,Roads,Phone,Routine,120,193.4,Completed,Late,3.0
SR-00439,2025-10-15,Central,Lighting,Web,Routine,72,47.6,Completed,On time,5.0
SR-01155,2025-10-15,West,Waste,Phone,Routine,48,51.2,Completed,Late,3.0
SR-01219,2025-10-15,Central,Waste,Mobile app,Routine,48,55.8,Completed,Late,3.0
SR-01331,2025-10-15,North,Water,Phone,Urgent,36,35.8,Completed,On time,4.0
SR-01674,2025-10-15,West,Water,Walk-in,Routine,36,47.1,Completed,Late,2.0
SR-01685,2025-10-15,North,Waste,Phone,Routine,48,17.1,Completed,On time,5.0
SR-02097,2025-10-15,North,Lighting,Phone,Routine,72,35.3,Completed,On time,4.0
SR-02211,2025-10-15,South,Water,Web,Urgent,36,13.2,Completed,On time,4.0
SR-00277,2025-10-16,Central,Roads,Web,Urgent,120,173.4,Completed,Late,3.0
SR-01334,2025-10-16,South,Water,Walk-in,Routine,36,35.7,Completed,On time,4.0
SR-02208,2025-10-16,North,Roads,Mobile app,Routine,120,36.2,Completed,On time,5.0
SR-02297,2025-10-16,Central,Waste,Mobile app,Urgent,48,28.0,Completed,On time,4.0
SR-02346,2025-10-16,South,Water,Web,Urgent,36,18.4,Completed,On time,4.0
SR-00240,2025-10-17,East,Water,Web,Routine,36,29.7,Completed,On time,4.0
SR-01105,2025-10-17,North,Waste,Phone,Routine,48,18.7,Completed,On time,5.0
SR-01664,2025-10-17,South,Lighting,Mobile app,Routine,72,41.0,Completed,On time,4.0
SR-00601,2025-10-18,South,Roads,Phone,Routine,120,78.5,Completed,On time,4.0
SR-00689,2025-10-18,East,Water,Walk-in,Urgent,36,21.8,Completed,On time,4.0
SR-00787,2025-10-18,Central,Lighting,Mobile app,Critical,72,33.2,Completed,On time,4.0
SR-01622,2025-10-18,West,Lighting,Phone,Routine,72,,Open,Open,
SR-01625,2025-10-18,South,Water,Phone,Routine,36,35.4,Completed,On time,4.0
SR-01988,2025-10-18,West,Lighting,Mobile app,Urgent,72,45.6,Completed,On time,5.0
SR-02094,2025-10-18,South,Roads,Web,Routine,120,57.4,Completed,On time,4.0
SR-02096,2025-10-18,Central,Lighting,Mobile app,Routine,72,72.2,Completed,Late,4.0
SR-02244,2025-10-18,West,Roads,Phone,Routine,120,186.8,Completed,Late,2.0
SR-00751,2025-10-19,Central,Roads,Mobile app,Routine,120,83.9,Completed,On time,5.0
SR-01027,2025-10-19,East,Waste,Web,Routine,48,37.5,Completed,On time,4.0
SR-01109,2025-10-19,East,Waste,Mobile app,Critical,48,11.0,Completed,On time,5.0
SR-01430,2025-10-19,Central,Roads,Phone,Urgent,120,138.5,Completed,Late,2.0
SR-01488,2025-10-19,West,Roads,Phone,Routine,120,,Open,Open,
SR-01593,2025-10-19,West,Waste,Mobile app,Routine,48,32.9,Completed,On time,4.0
SR-02069,2025-10-19,South,Waste,Phone,Urgent,48,18.9,Completed,On time,5.0
SR-02123,2025-10-19,East,Roads,Web,Routine,120,94.9,Completed,On time,4.0
SR-02207,2025-10-19,East,Roads,Phone,Routine,120,278.5,Completed,Late,2.0
SR-02359,2025-10-19,East,Waste,Web,Routine,48,17.3,Completed,On time,5.0
SR-00325,2025-10-20,East,Waste,Phone,Critical,48,5.8,Completed,On time,5.0
SR-00528,2025-10-20,North,Waste,Phone,Critical,48,7.2,Completed,On time,4.0
SR-00690,2025-10-20,East,Waste,Phone,Urgent,48,35.8,Completed,On time,5.0
SR-00773,2025-10-20,Central,Lighting,Web,Urgent,72,,Open,Open,
SR-00985,2025-10-20,West,Water,Web,Routine,36,21.1,Completed,On time,5.0
SR-01316,2025-10-20,North,Roads,Mobile app,Routine,120,50.6,Completed,On time,5.0
SR-01895,2025-10-20,North,Waste,Mobile app,Routine,48,17.7,Completed,On time,5.0
SR-00196,2025-10-21,East,Waste,Web,Routine,48,31.2,Completed,On time,4.0
SR-00308,2025-10-21,West,Lighting,Web,Routine,72,88.7,Completed,Late,3.0
SR-00660,2025-10-21,East,Waste,Mobile app,Urgent,48,37.6,Completed,On time,5.0
SR-01743,2025-10-21,Central,Waste,Mobile app,Routine,48,64.5,Completed,Late,3.0
SR-01931,2025-10-21,North,Roads,Web,Routine,120,58.1,Completed,On time,4.0
SR-00382,2025-10-22,Central,Waste,Web,Critical,48,10.5,Completed,On time,4.0
SR-00843,2025-10-22,North,Roads,Web,Critical,120,33.1,Completed,On time,5.0
SR-00863,2025-10-22,Central,Lighting,Walk-in,Routine,72,55.0,Completed,On time,5.0
SR-01032,2025-10-22,East,Lighting,Web,Urgent,72,24.8,Completed,On time,4.0
SR-01970,2025-10-22,Central,Lighting,Mobile app,Routine,72,47.0,Completed,On time,4.0
SR-02230,2025-10-22,South,Waste,Phone,Routine,48,34.7,Completed,On time,5.0
SR-02340,2025-10-22,West,Roads,Phone,Routine,120,97.4,Completed,On time,5.0
SR-00352,2025-10-23,Central,Lighting,Mobile app,Routine,72,48.6,Completed,On time,3.0
SR-00483,2025-10-23,South,Roads,Web,Routine,120,129.6,Completed,Late,3.0
SR-01028,2025-10-23,Central,Roads,Web,Routine,120,68.7,Completed,On time,5.0
SR-01436,2025-10-23,South,Water,Phone,Urgent,36,40.1,Completed,Late,3.0
SR-00011,2025-10-24,East,Roads,Mobile app,Routine,120,139.1,Completed,Late,3.0
SR-00753,2025-10-24,Central,Water,Mobile app,Routine,36,39.8,Completed,Late,5.0
SR-01082,2025-10-24,West,Roads,Mobile app,Routine,120,145.5,Completed,Late,2.0
SR-02091,2025-10-24,North,Water,Phone,Routine,36,35.3,Completed,On time,5.0
SR-02150,2025-10-24,East,Roads,Mobile app,Routine,120,113.3,Completed,On time,5.0
SR-02212,2025-10-24,West,Lighting,Mobile app,Routine,72,76.7,Completed,Late,3.0
SR-00175,2025-10-25,East,Waste,Mobile app,Routine,48,35.2,Completed,On time,5.0
SR-00303,2025-10-25,Central,Roads,Mobile app,Routine,120,76.7,Completed,On time,5.0
SR-00852,2025-10-25,West,Roads,Walk-in,Routine,120,142.8,Completed,Late,3.0
SR-01292,2025-10-25,South,Roads,Phone,Urgent,120,115.1,Completed,On time,4.0
SR-01475,2025-10-25,Central,Roads,Web,Routine,120,110.9,Completed,On time,5.0
SR-01926,2025-10-25,Central,Lighting,Web,Routine,72,68.3,Completed,On time,4.0
SR-02130,2025-10-25,North,Waste,Phone,Routine,48,16.3,Completed,On time,3.0
SR-00550,2025-10-26,South,Lighting,Mobile app,Routine,72,61.0,Completed,On time,4.0
SR-00717,2025-10-26,Central,Waste,Phone,Routine,48,50.5,Completed,Late,3.0
SR-00829,2025-10-26,Central,Water,Mobile app,Urgent,36,9.3,Completed,On time,5.0
SR-01095,2025-10-26,South,Waste,Web,Urgent,48,31.3,Completed,On time,5.0
SR-01148,2025-10-26,North,Waste,Web,Routine,48,51.4,Completed,Late,2.0
SR-01600,2025-10-26,Central,Lighting,Web,Routine,72,40.5,Completed,On time,3.0
SR-02010,2025-10-26,Central,Roads,Web,Routine,120,129.6,Completed,Late,2.0
SR-02031,2025-10-26,Central,Waste,Phone,Critical,48,12.1,Completed,On time,5.0
SR-02071,2025-10-26,West,Lighting,Phone,Urgent,72,28.5,Completed,On time,4.0
SR-00138,2025-10-27,West,Lighting,Mobile app,Routine,72,31.4,Completed,On time,5.0
SR-00192,2025-10-27,South,Roads,Web,Routine,120,213.7,Completed,Late,3.0
SR-00208,2025-10-27,North,Lighting,Walk-in,Routine,72,69.2,Completed,On time,4.0
SR-00282,2025-10-27,Central,Lighting,Mobile app,Routine,72,62.2,Completed,On time,5.0
SR-00791,2025-10-27,East,Water,Phone,Routine,36,71.1,Completed,Late,2.0
SR-00908,2025-10-27,Central,Waste,Web,Routine,48,36.8,Completed,On time,5.0
SR-00288,2025-10-28,East,Roads,Web,Urgent,120,74.4,Completed,On time,4.0
SR-00443,2025-10-28,West,Water,Phone,Routine,36,32.8,Completed,On time,4.0
SR-00959,2025-10-28,South,Lighting,Web,Routine,72,,Open,Open,
SR-01490,2025-10-28,West,Roads,Phone,Routine,120,75.8,Completed,On time,4.0
SR-02168,2025-10-28,West,Roads,Walk-in,Routine,120,151.3,Completed,Late,3.0
SR-02294,2025-10-28,South,Roads,Mobile app,Routine,120,122.4,Completed,Late,2.0
SR-00388,2025-10-29,Central,Water,Mobile app,Urgent,36,19.7,Completed,On time,4.0
SR-00770,2025-10-29,South,Roads,Walk-in,Routine,120,86.4,Completed,On time,5.0
SR-00963,2025-10-29,East,Water,Walk-in,Routine,36,26.8,Completed,On time,4.0
SR-00822,2025-10-30,South,Water,Phone,Urgent,36,51.2,Completed,Late,3.0
SR-01003,2025-10-30,East,Roads,Mobile app,Routine,120,150.8,Completed,Late,4.0
SR-01004,2025-10-30,West,Roads,Mobile app,Urgent,120,101.4,Completed,On time,5.0
SR-01184,2025-10-30,East,Lighting,Mobile app,Routine,72,62.7,Completed,On time,5.0
SR-01638,2025-10-30,West,Roads,Phone,Routine,120,135.0,Completed,Late,3.0
SR-01690,2025-10-30,Central,Waste,Web,Routine,48,32.9,Completed,On time,4.0
SR-02148,2025-10-30,South,Roads,Walk-in,Routine,120,159.3,Completed,Late,5.0
SR-00016,2025-10-31,East,Waste,Web,Routine,48,60.5,Completed,Late,3.0
SR-00227,2025-10-31,North,Lighting,Mobile app,Routine,72,,Open,Open,
SR-00720,2025-10-31,South,Waste,Phone,Routine,48,,Open,Open,
SR-01061,2025-10-31,Central,Lighting,Phone,Routine,72,45.6,Completed,On time,5.0
SR-01241,2025-10-31,North,Roads,Web,Routine,120,298.1,Completed,Late,2.0
SR-01519,2025-10-31,Central,Waste,Mobile app,Routine,48,21.1,Completed,On time,3.0
SR-01525,2025-10-31,East,Roads,Mobile app,Urgent,120,56.1,Completed,On time,5.0
SR-01560,2025-10-31,South,Waste,Web,Urgent,48,35.3,Completed,On time,5.0
SR-01687,2025-10-31,North,Roads,Mobile app,Routine,120,135.5,Completed,Late,2.0
SR-01750,2025-10-31,South,Waste,Web,Routine,48,37.4,Completed,On time,5.0
SR-01810,2025-10-31,South,Lighting,Phone,Routine,72,93.4,Completed,Late,3.0
SR-00625,2025-11-01,East,Lighting,Mobile app,Routine,72,91.1,Completed,Late,3.0
SR-01096,2025-11-01,South,Waste,Phone,Routine,48,49.1,Completed,Late,3.0
SR-01446,2025-11-01,Central,Waste,Mobile app,Routine,48,35.2,Completed,On time,5.0
SR-01758,2025-11-01,South,Water,Web,Urgent,36,36.9,Completed,Late,4.0
SR-02089,2025-11-01,East,Waste,Mobile app,Routine,48,43.6,Completed,On time,4.0
SR-00428,2025-11-02,North,Waste,Walk-in,Routine,48,26.3,Completed,On time,4.0
SR-00624,2025-11-02,Central,Waste,Phone,Urgent,48,16.7,Completed,On time,5.0
SR-01034,2025-11-02,East,Lighting,Web,Routine,72,52.0,Completed,On time,4.0
SR-01504,2025-11-02,South,Roads,Phone,Routine,120,247.5,Completed,Late,3.0
SR-01551,2025-11-02,North,Roads,Web,Routine,120,123.1,Completed,Late,4.0
SR-01719,2025-11-02,East,Water,Walk-in,Routine,36,24.6,Completed,On time,5.0
SR-01863,2025-11-02,South,Waste,Phone,Urgent,48,,Open,Open,
SR-01945,2025-11-02,South,Water,Mobile app,Routine,36,41.8,Completed,Late,3.0
SR-02296,2025-11-02,East,Water,Phone,Urgent,36,14.4,Completed,On time,5.0
SR-00146,2025-11-03,North,Waste,Web,Routine,48,57.2,Completed,Late,2.0
SR-00389,2025-11-03,South,Water,Web,Routine,36,37.8,Completed,Late,2.0
SR-00934,2025-11-03,West,Waste,Phone,Routine,48,43.7,Completed,On time,5.0
SR-01015,2025-11-03,East,Roads,Mobile app,Routine,120,112.5,Completed,On time,4.0
SR-01675,2025-11-03,East,Waste,Web,Routine,48,24.4,Completed,On time,5.0
SR-02042,2025-11-03,East,Lighting,Walk-in,Routine,72,96.9,Completed,Late,3.0
SR-00892,2025-11-04,Central,Roads,Walk-in,Routine,120,101.7,Completed,On time,4.0
SR-01076,2025-11-04,East,Waste,Web,Routine,48,28.9,Completed,On time,5.0
SR-02396,2025-11-04,South,Waste,Phone,Urgent,48,47.1,Completed,On time,3.0
SR-00655,2025-11-05,East,Lighting,Mobile app,Routine,72,43.6,Completed,On time,5.0
SR-01553,2025-11-05,East,Lighting,Web,Routine,72,38.0,Completed,On time,4.0
SR-01569,2025-11-05,East,Roads,Phone,Routine,120,74.6,Completed,On time,5.0
SR-01631,2025-11-05,North,Lighting,Walk-in,Routine,72,62.3,Completed,On time,4.0
SR-01775,2025-11-05,South,Waste,Phone,Urgent,48,21.1,Completed,On time,4.0
SR-02217,2025-11-05,East,Lighting,Phone,Routine,72,60.4,Completed,On time,4.0
SR-00170,2025-11-06,West,Waste,Walk-in,Critical,48,11.0,Completed,On time,5.0
SR-00436,2025-11-06,East,Waste,Web,Urgent,48,17.4,Completed,On time,4.0
SR-00521,2025-11-06,Central,Roads,Web,Routine,120,152.4,Completed,Late,3.0
SR-01389,2025-11-06,Central,Roads,Mobile app,Urgent,120,61.1,Completed,On time,3.0
SR-01464,2025-11-06,East,Lighting,Mobile app,Routine,72,80.8,Completed,Late,3.0
SR-02375,2025-11-06,Central,Waste,Phone,Routine,48,66.2,Completed,Late,3.0
SR-00345,2025-11-07,North,Roads,Web,Routine,120,132.2,Completed,Late,3.0
SR-00811,2025-11-07,North,Waste,Mobile app,Routine,48,27.4,Completed,On time,5.0
SR-00961,2025-11-07,East,Waste,Phone,Routine,48,41.5,Completed,On time,5.0
SR-01499,2025-11-07,Central,Roads,Phone,Urgent,120,51.9,Completed,On time,4.0
SR-02374,2025-11-07,Central,Lighting,Web,Routine,72,84.2,Completed,Late,4.0
SR-00034,2025-11-08,Central,Waste,Phone,Urgent,48,29.3,Completed,On time,5.0
SR-00100,2025-11-08,West,Waste,Web,Routine,48,41.0,Completed,On time,4.0
SR-00299,2025-11-08,West,Roads,Phone,Routine,120,68.1,Completed,On time,5.0
SR-00804,2025-11-08,South,Lighting,Mobile app,Routine,72,92.2,Completed,Late,3.0
SR-01196,2025-11-08,West,Lighting,Phone,Urgent,72,38.4,Completed,On time,3.0
SR-01437,2025-11-08,South,Lighting,Web,Routine,72,,Open,Open,
SR-01805,2025-11-08,East,Waste,Mobile app,Urgent,48,30.2,Completed,On time,5.0
SR-01965,2025-11-08,Central,Roads,Mobile app,Routine,120,87.3,Completed,On time,4.0
SR-02361,2025-11-08,East,Water,Web,Routine,36,48.2,Completed,Late,4.0
SR-02376,2025-11-08,North,Waste,Web,Routine,48,22.9,Completed,On time,5.0
SR-00084,2025-11-09,North,Water,Mobile app,Urgent,36,13.1,Completed,On time,4.0
SR-00438,2025-11-09,West,Lighting,Mobile app,Routine,72,,Open,Open,
SR-00817,2025-11-09,West,Lighting,Mobile app,Routine,72,32.6,Completed,On time,4.0
SR-01562,2025-11-09,East,Lighting,Web,Urgent,72,43.7,Completed,On time,5.0
SR-01798,2025-11-09,West,Water,Web,Routine,36,29.7,Completed,On time,5.0
SR-02281,2025-11-09,South,Lighting,Web,Routine,72,45.5,Completed,On time,5.0
SR-00558,2025-11-10,South,Roads,Mobile app,Routine,120,142.5,Completed,Late,3.0
SR-00951,2025-11-10,West,Lighting,Web,Urgent,72,65.9,Completed,On time,5.0
SR-01146,2025-11-10,East,Lighting,Phone,Routine,72,28.3,Completed,On time,4.0
SR-02034,2025-11-10,Central,Waste,Phone,Routine,48,24.3,Completed,On time,5.0
SR-00005,2025-11-11,Central,Roads,Mobile app,Urgent,120,71.7,Completed,On time,5.0
SR-00609,2025-11-11,West,Water,Web,Urgent,36,26.9,Completed,On time,5.0
SR-00615,2025-11-11,North,Roads,Web,Critical,120,30.5,Completed,On time,4.0
SR-00859,2025-11-11,East,Roads,Web,Urgent,120,26.2,Completed,On time,4.0
SR-01339,2025-11-11,South,Water,Web,Routine,36,44.4,Completed,Late,3.0
SR-01579,2025-11-11,East,Lighting,Walk-in,Urgent,72,40.3,Completed,On time,4.0
SR-01717,2025-11-11,South,Lighting,Walk-in,Routine,72,54.7,Completed,On time,5.0
SR-00488,2025-11-12,South,Roads,Walk-in,Routine,120,255.8,Completed,Late,2.0
SR-00623,2025-11-12,West,Lighting,Web,Routine,72,50.6,Completed,On time,5.0
SR-00728,2025-11-12,Central,Water,Mobile app,Routine,36,15.4,Completed,On time,3.0
SR-00731,2025-11-12,Central,Roads,Mobile app,Critical,120,71.7,Completed,On time,4.0
SR-00815,2025-11-12,North,Roads,Phone,Routine,120,77.3,Completed,On time,4.0
SR-00931,2025-11-12,East,Lighting,Web,Routine,72,91.6,Completed,Late,4.0
SR-01354,2025-11-12,East,Waste,Mobile app,Routine,48,23.9,Completed,On time,4.0
SR-01736,2025-11-12,East,Waste,Mobile app,Urgent,48,,Open,Open,
SR-01751,2025-11-12,North,Lighting,Mobile app,Urgent,72,37.1,Completed,On time,5.0
SR-00754,2025-11-13,North,Water,Mobile app,Routine,36,15.8,Completed,On time,4.0
SR-01195,2025-11-13,East,Roads,Phone,Urgent,120,86.7,Completed,On time,5.0
SR-01785,2025-11-13,South,Roads,Phone,Routine,120,101.3,Completed,On time,4.0
SR-00072,2025-11-14,South,Waste,Phone,Urgent,48,11.8,Completed,On time,4.0
SR-00222,2025-11-14,Central,Roads,Mobile app,Critical,120,83.3,Completed,On time,4.0
SR-00990,2025-11-14,West,Roads,Phone,Urgent,120,101.3,Completed,On time,4.0
SR-01287,2025-11-14,Central,Lighting,Web,Urgent,72,26.6,Completed,On time,4.0
SR-01606,2025-11-14,Central,Roads,Mobile app,Critical,120,,Open,Open,
SR-01872,2025-11-14,East,Waste,Mobile app,Routine,48,35.4,Completed,On time,5.0
SR-01985,2025-11-14,West,Roads,Mobile app,Urgent,120,96.4,Completed,On time,4.0
SR-01997,2025-11-14,North,Roads,Web,Routine,120,74.0,Completed,On time,4.0
SR-02014,2025-11-14,South,Waste,Mobile app,Routine,48,47.7,Completed,On time,5.0
SR-02164,2025-11-14,North,Roads,Web,Routine,120,119.7,Completed,On time,4.0
SR-00473,2025-11-15,East,Roads,Web,Urgent,120,28.9,Completed,On time,5.0
SR-00595,2025-11-15,Central,Waste,Web,Routine,48,78.1,Completed,Late,4.0
SR-00904,2025-11-15,North,Roads,Mobile app,Routine,120,178.4,Completed,Late,3.0
SR-01465,2025-11-15,West,Waste,Phone,Routine,48,29.2,Completed,On time,5.0
SR-01400,2025-11-16,Central,Water,Mobile app,Routine,36,17.1,Completed,On time,4.0
SR-01888,2025-11-16,Central,Roads,Mobile app,Routine,120,67.4,Completed,On time,4.0
SR-02093,2025-11-16,South,Roads,Mobile app,Urgent,120,161.4,Completed,Late,3.0
SR-02285,2025-11-16,East,Waste,Walk-in,Routine,48,29.7,Completed,On time,4.0
SR-02310,2025-11-16,South,Waste,Phone,Routine,48,44.8,Completed,On time,4.0
SR-02350,2025-11-16,East,Water,Mobile app,Urgent,36,15.0,Completed,On time,4.0
SR-00095,2025-11-17,South,Roads,Phone,Routine,120,117.4,Completed,On time,5.0
SR-00171,2025-11-17,West,Water,Web,Routine,36,50.2,Completed,Late,3.0
SR-00497,2025-11-17,East,Waste,Phone,Routine,48,42.2,Completed,On time,4.0
SR-01013,2025-11-17,West,Waste,Web,Routine,48,30.4,Completed,On time,4.0
SR-01167,2025-11-17,Central,Roads,Mobile app,Routine,120,118.2,Completed,On time,5.0
SR-01981,2025-11-17,East,Waste,Mobile app,Urgent,48,27.6,Completed,On time,4.0
SR-00434,2025-11-18,Central,Roads,Mobile app,Routine,120,98.6,Completed,On time,3.0
SR-00837,2025-11-18,West,Roads,Mobile app,Routine,120,131.3,Completed,Late,2.0
SR-01257,2025-11-18,West,Waste,Mobile app,Routine,48,44.0,Completed,On time,4.0
SR-02053,2025-11-18,West,Water,Mobile app,Routine,36,21.9,Completed,On time,4.0
SR-00246,2025-11-19,North,Water,Phone,Routine,36,16.8,Completed,On time,5.0
SR-00613,2025-11-19,Central,Waste,Walk-in,Urgent,48,25.3,Completed,On time,4.0
SR-00736,2025-11-19,North,Water,Web,Routine,36,14.8,Completed,On time,5.0
SR-00936,2025-11-19,Central,Waste,Web,Routine,48,19.2,Completed,On time,5.0
SR-01106,2025-11-19,South,Water,Phone,Critical,36,19.1,Completed,On time,5.0
SR-01145,2025-11-19,Central,Roads,Web,Routine,120,,Open,Open,
SR-01211,2025-11-19,South,Waste,Phone,Urgent,48,47.6,Completed,On time,5.0
SR-01259,2025-11-19,East,Roads,Mobile app,Routine,120,130.2,Completed,Late,3.0
SR-01797,2025-11-19,South,Waste,Phone,Routine,48,53.3,Completed,Late,4.0
SR-01856,2025-11-19,Central,Water,Phone,Routine,36,33.4,Completed,On time,5.0
SR-02167,2025-11-19,Central,Lighting,Mobile app,Routine,72,75.4,Completed,Late,3.0
SR-00485,2025-11-20,West,Waste,Phone,Routine,48,43.2,Completed,On time,4.0
SR-00553,2025-11-20,West,Roads,Mobile app,Routine,120,145.0,Completed,Late,3.0
SR-00832,2025-11-20,South,Roads,Web,Routine,120,108.8,Completed,On time,4.0
SR-01048,2025-11-20,Central,Water,Web,Routine,36,28.7,Completed,On time,5.0
SR-01452,2025-11-20,East,Lighting,Web,Routine,72,52.0,Completed,On time,4.0
SR-01522,2025-11-20,North,Roads,Mobile app,Urgent,120,109.4,Completed,On time,3.0
SR-01813,2025-11-20,South,Waste,Phone,Urgent,48,,Open,Open,
SR-01820,2025-11-20,North,Lighting,Mobile app,Routine,72,114.6,Completed,Late,3.0
SR-01821,2025-11-20,East,Lighting,Web,Routine,72,143.0,Completed,Late,3.0
SR-01959,2025-11-20,East,Waste,Phone,Critical,48,14.4,Completed,On time,4.0
SR-02039,2025-11-20,North,Roads,Phone,Routine,120,94.6,Completed,On time,4.0
SR-02104,2025-11-20,West,Waste,Web,Routine,48,70.7,Completed,Late,3.0
SR-00909,2025-11-21,Central,Roads,Walk-in,Routine,120,109.5,Completed,On time,4.0
SR-01492,2025-11-21,Central,Roads,Web,Routine,120,104.7,Completed,On time,4.0
SR-01616,2025-11-21,South,Water,Mobile app,Routine,36,39.8,Completed,Late,4.0
SR-01770,2025-11-21,North,Lighting,Walk-in,Routine,72,29.8,Completed,On time,4.0
SR-01804,2025-11-21,West,Roads,Web,Routine,120,270.8,Completed,Late,3.0
SR-02187,2025-11-21,East,Lighting,Walk-in,Routine,72,48.2,Completed,On time,4.0
SR-00112,2025-11-22,North,Roads,Mobile app,Routine,120,118.7,Completed,On time,3.0
SR-00117,2025-11-22,Central,Waste,Mobile app,Urgent,48,42.7,Completed,On time,4.0
SR-00262,2025-11-22,Central,Lighting,Phone,Routine,72,45.9,Completed,On time,4.0
SR-01763,2025-11-22,Central,Lighting,Mobile app,Urgent,72,,Open,Open,
SR-01271,2025-11-23,Central,Roads,Walk-in,Routine,120,105.8,Completed,On time,5.0
SR-01320,2025-11-23,West,Roads,Walk-in,Routine,120,,Open,Open,
SR-01878,2025-11-23,Central,Roads,Web,Routine,120,90.8,Completed,On time,5.0
SR-02107,2025-11-23,West,Roads,Phone,Urgent,120,71.6,Completed,On time,5.0
SR-02272,2025-11-23,North,Roads,Web,Routine,120,80.7,Completed,On time,4.0
SR-00082,2025-11-24,Central,Roads,Mobile app,Routine,120,137.1,Completed,Late,3.0
SR-00267,2025-11-24,Central,Roads,Mobile app,Routine,120,41.0,Completed,On time,5.0
SR-00782,2025-11-24,North,Roads,Walk-in,Routine,120,58.9,Completed,On time,5.0
SR-01012,2025-11-24,North,Roads,Web,Routine,120,135.3,Completed,Late,3.0
SR-01377,2025-11-24,West,Lighting,Mobile app,Urgent,72,38.3,Completed,On time,5.0
SR-00451,2025-11-25,East,Water,Web,Urgent,36,37.8,Completed,Late,4.0
SR-01066,2025-11-25,North,Waste,Web,Urgent,48,33.2,Completed,On time,5.0
SR-01084,2025-11-25,Central,Roads,Walk-in,Urgent,120,60.0,Completed,On time,5.0
SR-01236,2025-11-25,Central,Waste,Web,Routine,48,33.8,Completed,On time,5.0
SR-01842,2025-11-25,West,Water,Web,Critical,36,21.5,Completed,On time,4.0
SR-01880,2025-11-25,Central,Roads,Phone,Critical,120,30.9,Completed,On time,4.0
SR-02320,2025-11-25,West,Waste,Mobile app,Routine,48,26.0,Completed,On time,4.0
SR-00698,2025-11-26,West,Lighting,Web,Routine,72,59.3,Completed,On time,5.0
SR-00707,2025-11-26,East,Water,Phone,Routine,36,17.6,Completed,On time,5.0
SR-01508,2025-11-26,North,Waste,Walk-in,Urgent,48,9.7,Completed,On time,4.0
SR-01902,2025-11-26,North,Lighting,Web,Urgent,72,,Open,Open,
SR-00036,2025-11-27,Central,Roads,Mobile app,Urgent,120,,Open,Open,
SR-00590,2025-11-27,South,Roads,Web,Critical,120,67.5,Completed,On time,5.0
SR-00004,2025-11-28,West,Waste,Phone,Routine,48,19.2,Completed,On time,4.0
SR-00363,2025-11-28,East,Lighting,Web,Critical,72,20.1,Completed,On time,4.0
SR-00631,2025-11-28,Central,Lighting,Web,Routine,72,,Open,Open,
SR-01349,2025-11-28,Central,Waste,Web,Urgent,48,18.1,Completed,On time,4.0
SR-01391,2025-11-28,West,Roads,Mobile app,Routine,120,192.3,Completed,Late,3.0
SR-01412,2025-11-28,West,Roads,Mobile app,Routine,120,142.5,Completed,Late,2.0
SR-01703,2025-11-28,East,Roads,Mobile app,Routine,120,119.6,Completed,On time,4.0
SR-01830,2025-11-28,Central,Roads,Web,Routine,120,94.8,Completed,On time,4.0
SR-02021,2025-11-28,West,Water,Mobile app,Urgent,36,48.2,Completed,Late,3.0
SR-00159,2025-11-29,East,Lighting,Walk-in,Urgent,72,47.4,Completed,On time,4.0
SR-00201,2025-11-29,North,Lighting,Mobile app,Routine,72,67.7,Completed,On time,4.0
SR-00552,2025-11-29,East,Roads,Web,Routine,120,84.8,Completed,On time,5.0
SR-00713,2025-11-29,North,Roads,Mobile app,Routine,120,131.8,Completed,Late,3.0
SR-01468,2025-11-29,West,Water,Mobile app,Routine,36,21.5,Completed,On time,5.0
SR-01574,2025-11-29,Central,Roads,Web,Routine,120,90.1,Completed,On time,4.0
SR-01626,2025-11-29,Central,Waste,Web,Routine,48,,Open,Open,
SR-01808,2025-11-29,East,Lighting,Web,Routine,72,65.0,Completed,On time,4.0
SR-02124,2025-11-29,East,Water,Phone,Urgent,36,23.6,Completed,On time,5.0
SR-02260,2025-11-29,Central,Roads,Phone,Routine,120,88.8,Completed,On time,5.0
SR-02371,2025-11-29,South,Roads,Mobile app,Routine,120,160.4,Completed,Late,2.0
SR-00285,2025-11-30,North,Roads,Phone,Routine,120,127.0,Completed,Late,3.0
SR-00703,2025-11-30,Central,Lighting,Phone,Routine,72,85.0,Completed,Late,3.0
SR-00840,2025-11-30,West,Water,Phone,Routine,36,32.8,Completed,On time,5.0
SR-01393,2025-11-30,South,Waste,Mobile app,Routine,48,68.4,Completed,Late,3.0
SR-01757,2025-11-30,East,Lighting,Mobile app,Critical,72,34.4,Completed,On time,5.0
SR-02038,2025-11-30,South,Waste,Web,Routine,48,44.1,Completed,On time,5.0
SR-00026,2025-12-01,East,Lighting,Phone,Routine,72,108.4,Completed,Late,3.0
SR-00053,2025-12-01,Central,Waste,Web,Routine,48,16.5,Completed,On time,5.0
SR-00172,2025-12-01,South,Lighting,Phone,Routine,72,87.7,Completed,Late,4.0
SR-00774,2025-12-01,Central,Roads,Mobile app,Routine,120,,Open,Open,
SR-01310,2025-12-01,South,Water,Phone,Routine,36,40.6,Completed,Late,2.0
SR-02016,2025-12-01,South,Roads,Web,Routine,120,92.8,Completed,On time,4.0
SR-02099,2025-12-01,Central,Waste,Mobile app,Routine,48,26.6,Completed,On time,4.0
SR-02131,2025-12-01,Central,Waste,Mobile app,Routine,48,34.2,Completed,On time,5.0
SR-00021,2025-12-02,South,Waste,Web,Urgent,48,40.0,Completed,On time,5.0
SR-00581,2025-12-02,Central,Waste,Phone,Routine,48,66.8,Completed,Late,4.0
SR-00744,2025-12-03,South,Water,Web,Routine,36,30.8,Completed,On time,5.0
SR-00399,2025-12-04,West,Waste,Phone,Critical,48,14.1,Completed,On time,5.0
SR-00575,2025-12-04,North,Waste,Mobile app,Urgent,48,15.9,Completed,On time,4.0
SR-00626,2025-12-04,West,Waste,Phone,Critical,48,9.7,Completed,On time,5.0
SR-00927,2025-12-04,South,Lighting,Mobile app,Routine,72,,Open,Open,
SR-02086,2025-12-04,East,Water,Web,Routine,36,24.0,Completed,On time,3.0
SR-02266,2025-12-04,Central,Lighting,Web,Urgent,72,76.5,Completed,Late,3.0
SR-02267,2025-12-04,Central,Lighting,Phone,Routine,72,69.7,Completed,On time,4.0
SR-00524,2025-12-05,Central,Waste,Phone,Urgent,48,48.6,Completed,Late,2.0
SR-00635,2025-12-05,North,Water,Mobile app,Routine,36,45.7,Completed,Late,3.0
SR-01592,2025-12-05,South,Water,Phone,Urgent,36,18.1,Completed,On time,5.0
SR-01841,2025-12-05,North,Waste,Web,Routine,48,48.0,Completed,On time,4.0
SR-02349,2025-12-05,Central,Waste,Walk-in,Routine,48,75.4,Completed,Late,3.0
SR-00145,2025-12-06,East,Lighting,Mobile app,Urgent,72,75.1,Completed,Late,2.0
SR-00699,2025-12-06,East,Waste,Mobile app,Routine,48,57.2,Completed,Late,3.0
SR-00722,2025-12-06,Central,Roads,Mobile app,Routine,120,66.4,Completed,On time,5.0
SR-00999,2025-12-06,South,Roads,Phone,Critical,120,37.5,Completed,On time,5.0
SR-01486,2025-12-06,South,Roads,Phone,Routine,120,195.5,Completed,Late,2.0
SR-01633,2025-12-06,West,Waste,Web,Urgent,48,26.1,Completed,On time,4.0
SR-01652,2025-12-06,North,Waste,Mobile app,Routine,48,42.9,Completed,On time,4.0
SR-01882,2025-12-06,East,Lighting,Phone,Routine,72,65.6,Completed,On time,3.0
SR-02008,2025-12-06,South,Roads,Phone,Routine,120,,Open,Open,
SR-02141,2025-12-06,Central,Lighting,Mobile app,Routine,72,60.0,Completed,On time,4.0
SR-02160,2025-12-06,South,Waste,Web,Urgent,48,25.9,Completed,On time,5.0
SR-00076,2025-12-07,West,Water,Web,Critical,36,22.3,Completed,On time,4.0
SR-00724,2025-12-07,North,Roads,Phone,Critical,120,43.0,Completed,On time,5.0
SR-01242,2025-12-07,East,Roads,Phone,Routine,120,122.3,Completed,Late,3.0
SR-01407,2025-12-07,North,Lighting,Walk-in,Routine,72,38.4,Completed,On time,4.0
SR-01421,2025-12-07,East,Waste,Web,Critical,48,14.9,Completed,On time,5.0
SR-01423,2025-12-07,West,Waste,Mobile app,Urgent,48,24.3,Completed,On time,4.0
SR-01481,2025-12-07,East,Waste,Phone,Routine,48,,Open,Open,
SR-02028,2025-12-07,Central,Waste,Web,Urgent,48,24.1,Completed,On time,5.0
SR-02314,2025-12-07,Central,Water,Mobile app,Critical,36,33.2,Completed,On time,4.0
SR-00253,2025-12-08,South,Waste,Mobile app,Urgent,48,84.5,Completed,Late,3.0
SR-00477,2025-12-08,West,Roads,Mobile app,Routine,120,160.2,Completed,Late,3.0
SR-00684,2025-12-08,South,Water,Walk-in,Routine,36,34.2,Completed,On time,4.0
SR-01529,2025-12-08,Central,Waste,Web,Routine,48,26.3,Completed,On time,5.0
SR-01601,2025-12-08,South,Waste,Web,Routine,48,38.5,Completed,On time,4.0
SR-01724,2025-12-08,East,Waste,Mobile app,Urgent,48,81.7,Completed,Late,3.0
SR-01727,2025-12-08,South,Lighting,Phone,Routine,72,,Open,Open,
SR-00395,2025-12-09,South,Lighting,Web,Urgent,72,41.3,Completed,On time,4.0
SR-00420,2025-12-09,Central,Lighting,Mobile app,Critical,72,30.6,Completed,On time,4.0
SR-00644,2025-12-09,Central,Roads,Phone,Routine,120,50.6,Completed,On time,4.0
SR-00654,2025-12-09,North,Roads,Phone,Routine,120,108.6,Completed,On time,4.0
SR-00741,2025-12-09,North,Waste,Web,Routine,48,28.3,Completed,On time,5.0
SR-00870,2025-12-09,West,Water,Phone,Routine,36,52.1,Completed,Late,3.0
SR-00932,2025-12-09,Central,Lighting,Mobile app,Routine,72,126.6,Completed,Late,2.0
SR-01470,2025-12-09,North,Water,Mobile app,Routine,36,12.8,Completed,On time,4.0
SR-01491,2025-12-09,West,Roads,Mobile app,Routine,120,300.7,Completed,Late,2.0
SR-01542,2025-12-09,West,Waste,Mobile app,Routine,48,38.1,Completed,On time,4.0
SR-01673,2025-12-09,West,Roads,Phone,Urgent,120,50.8,Completed,On time,5.0
SR-01862,2025-12-09,Central,Waste,Walk-in,Urgent,48,42.9,Completed,On time,5.0
SR-00110,2025-12-10,South,Lighting,Phone,Routine,72,51.5,Completed,On time,4.0
SR-00735,2025-12-10,West,Water,Mobile app,Routine,36,46.0,Completed,Late,4.0
SR-00865,2025-12-10,South,Waste,Mobile app,Routine,48,33.7,Completed,On time,5.0
SR-01809,2025-12-10,Central,Waste,Mobile app,Routine,48,46.5,Completed,On time,4.0
SR-01229,2025-12-11,South,Roads,Mobile app,Routine,120,,Open,Open,
SR-01325,2025-12-11,East,Roads,Walk-in,Routine,120,99.1,Completed,On time,4.0
SR-01989,2025-12-11,East,Waste,Phone,Routine,48,28.5,Completed,On time,5.0
SR-02292,2025-12-11,Central,Roads,Walk-in,Routine,120,114.1,Completed,On time,5.0
SR-02321,2025-12-11,East,Roads,Mobile app,Routine,120,113.5,Completed,On time,4.0
SR-00056,2025-12-12,South,Roads,Mobile app,Urgent,120,87.7,Completed,On time,3.0
SR-00057,2025-12-12,North,Roads,Walk-in,Routine,120,154.3,Completed,Late,4.0
SR-00255,2025-12-12,Central,Lighting,Mobile app,Routine,72,,Open,Open,
SR-00385,2025-12-12,Central,Water,Mobile app,Routine,36,41.0,Completed,Late,3.0
SR-00695,2025-12-12,East,Waste,Phone,Routine,48,31.4,Completed,On time,5.0
SR-02022,2025-12-12,South,Lighting,Phone,Routine,72,74.0,Completed,Late,3.0
SR-00213,2025-12-13,North,Roads,Phone,Routine,120,102.3,Completed,On time,4.0
SR-00241,2025-12-13,North,Roads,Web,Routine,120,111.1,Completed,On time,5.0
SR-00986,2025-12-13,Central,Lighting,Mobile app,Routine,72,37.0,Completed,On time,5.0
SR-00334,2025-12-14,East,Water,Mobile app,Urgent,36,24.0,Completed,On time,5.0
SR-01352,2025-12-14,West,Waste,Phone,Routine,48,83.7,Completed,Late,4.0
SR-01384,2025-12-14,North,Waste,Mobile app,Routine,48,25.9,Completed,On time,5.0
SR-01406,2025-12-14,North,Lighting,Phone,Routine,72,34.1,Completed,On time,3.0
SR-01649,2025-12-14,East,Waste,Walk-in,Urgent,48,37.0,Completed,On time,4.0
SR-01932,2025-12-14,North,Roads,Phone,Routine,120,323.1,Completed,Late,1.0
SR-02134,2025-12-14,South,Lighting,Mobile app,Routine,72,100.2,Completed,Late,4.0
SR-00659,2025-12-15,West,Lighting,Walk-in,Urgent,72,62.5,Completed,On time,5.0
SR-00737,2025-12-15,East,Water,Phone,Urgent,36,48.1,Completed,Late,3.0
SR-01044,2025-12-15,East,Water,Mobile app,Urgent,36,12.5,Completed,On time,5.0
SR-01239,2025-12-15,Central,Waste,Web,Routine,48,,Open,Open,
SR-01473,2025-12-15,North,Waste,Mobile app,Urgent,48,69.4,Completed,Late,4.0
SR-01586,2025-12-15,Central,Waste,Mobile app,Routine,48,32.8,Completed,On time,4.0
SR-01903,2025-12-15,North,Water,Phone,Routine,36,101.9,Completed,Late,3.0
SR-02054,2025-12-15,Central,Water,Mobile app,Routine,36,14.2,Completed,On time,3.0
SR-02390,2025-12-15,West,Water,Mobile app,Routine,36,27.8,Completed,On time,4.0
SR-00079,2025-12-16,Central,Waste,Mobile app,Urgent,48,34.2,Completed,On time,4.0
SR-01131,2025-12-16,South,Waste,Mobile app,Critical,48,56.7,Completed,Late,3.0
SR-01254,2025-12-16,East,Lighting,Phone,Urgent,72,98.2,Completed,Late,4.0
SR-01942,2025-12-16,West,Waste,Mobile app,Routine,48,70.0,Completed,Late,5.0
SR-01954,2025-12-16,East,Roads,Walk-in,Routine,120,266.1,Completed,Late,3.0
SR-02122,2025-12-16,South,Lighting,Phone,Routine,72,120.1,Completed,Late,2.0
SR-01029,2025-12-17,West,Lighting,Phone,Routine,72,116.8,Completed,Late,3.0
SR-01042,2025-12-17,North,Water,Walk-in,Urgent,36,29.6,Completed,On time,4.0
SR-01093,2025-12-17,West,Water,Web,Routine,36,45.9,Completed,Late,2.0
SR-01610,2025-12-17,North,Lighting,Mobile app,Routine,72,50.5,Completed,On time,3.0
SR-01620,2025-12-17,South,Lighting,Mobile app,Urgent,72,32.6,Completed,On time,4.0
SR-01947,2025-12-17,North,Water,Walk-in,Critical,36,22.3,Completed,On time,4.0
SR-02079,2025-12-17,Central,Water,Web,Critical,36,12.2,Completed,On time,5.0
SR-02339,2025-12-17,East,Waste,Web,Urgent,48,27.3,Completed,On time,5.0
SR-02345,2025-12-17,South,Water,Web,Urgent,36,27.0,Completed,On time,5.0
SR-00064,2025-12-18,North,Waste,Web,Routine,48,19.7,Completed,On time,5.0
SR-01980,2025-12-18,Central,Lighting,Mobile app,Critical,72,29.9,Completed,On time,4.0
SR-01986,2025-12-18,East,Roads,Web,Routine,120,92.9,Completed,On time,4.0
SR-02051,2025-12-18,North,Waste,Mobile app,Routine,48,72.9,Completed,Late,2.0
SR-02311,2025-12-18,Central,Lighting,Mobile app,Routine,72,33.9,Completed,On time,4.0
SR-02360,2025-12-18,South,Waste,Phone,Urgent,48,89.0,Completed,Late,3.0
SR-00231,2025-12-19,Central,Waste,Mobile app,Urgent,48,,Open,Open,
SR-00310,2025-12-19,Central,Roads,Phone,Routine,120,58.3,Completed,On time,5.0
SR-00957,2025-12-19,East,Lighting,Web,Routine,72,47.8,Completed,On time,5.0
SR-01231,2025-12-19,East,Lighting,Mobile app,Urgent,72,60.1,Completed,On time,5.0
SR-01252,2025-12-19,East,Roads,Web,Routine,120,65.9,Completed,On time,5.0
SR-01479,2025-12-19,North,Waste,Walk-in,Routine,48,22.7,Completed,On time,4.0
SR-00176,2025-12-20,West,Lighting,Web,Routine,72,86.7,Completed,Late,4.0
SR-00294,2025-12-20,Central,Lighting,Mobile app,Urgent,72,19.4,Completed,On time,5.0
SR-00336,2025-12-20,South,Roads,Walk-in,Routine,120,74.8,Completed,On time,3.0
SR-00649,2025-12-20,Central,Waste,Phone,Routine,48,79.4,Completed,Late,3.0
SR-00980,2025-12-20,North,Lighting,Walk-in,Urgent,72,22.3,Completed,On time,5.0
SR-01121,2025-12-20,East,Waste,Mobile app,Urgent,48,22.0,Completed,On time,5.0
SR-01565,2025-12-20,East,Roads,Mobile app,Urgent,120,149.4,Completed,Late,2.0
SR-01718,2025-12-20,West,Lighting,Web,Routine,72,82.4,Completed,Late,3.0
SR-02084,2025-12-20,South,Roads,Web,Critical,120,40.9,Completed,On time,4.0
SR-02219,2025-12-20,East,Waste,Web,Routine,48,,Open,Open,
SR-00029,2025-12-21,Central,Lighting,Walk-in,Routine,72,79.9,Completed,Late,3.0
SR-00097,2025-12-21,East,Waste,Mobile app,Routine,48,23.5,Completed,On time,4.0
SR-02036,2025-12-21,Central,Water,Phone,Routine,36,28.1,Completed,On time,4.0
SR-02046,2025-12-21,East,Waste,Mobile app,Routine,48,52.3,Completed,Late,4.0
SR-02132,2025-12-21,North,Water,Web,Routine,36,,Open,Open,
SR-00415,2025-12-22,South,Roads,Mobile app,Urgent,120,205.7,Completed,Late,3.0
SR-00949,2025-12-22,East,Waste,Phone,Routine,48,25.7,Completed,On time,5.0
SR-01130,2025-12-22,West,Lighting,Phone,Urgent,72,43.5,Completed,On time,4.0
SR-01150,2025-12-22,Central,Lighting,Phone,Routine,72,78.3,Completed,Late,3.0
SR-01789,2025-12-22,South,Roads,Phone,Routine,120,266.6,Completed,Late,3.0
SR-01998,2025-12-22,North,Roads,Phone,Critical,120,55.9,Completed,On time,4.0
SR-02277,2025-12-22,South,Lighting,Mobile app,Routine,72,,Open,Open,
SR-00203,2025-12-23,South,Lighting,Mobile app,Routine,72,124.1,Completed,Late,3.0
SR-00214,2025-12-23,South,Water,Web,Routine,36,79.7,Completed,Late,1.0
SR-01237,2025-12-23,Central,Lighting,Phone,Routine,72,44.3,Completed,On time,4.0
SR-01853,2025-12-23,North,Water,Web,Routine,36,44.7,Completed,Late,3.0
SR-00592,2025-12-24,South,Roads,Mobile app,Urgent,120,130.9,Completed,Late,4.0
SR-00330,2025-12-25,North,Roads,Web,Routine,120,69.8,Completed,On time,5.0
SR-00515,2025-12-25,West,Water,Mobile app,Urgent,36,31.2,Completed,On time,5.0
SR-00826,2025-12-25,East,Roads,Phone,Routine,120,104.0,Completed,On time,4.0
SR-01260,2025-12-25,Central,Waste,Web,Routine,48,31.9,Completed,On time,4.0
SR-01456,2025-12-25,Central,Waste,Web,Routine,48,70.7,Completed,Late,3.0
SR-02249,2025-12-25,West,Waste,Phone,Urgent,48,26.4,Completed,On time,5.0
SR-00054,2025-12-26,Central,Waste,Walk-in,Routine,48,44.8,Completed,On time,5.0
SR-00069,2025-12-26,West,Roads,Phone,Urgent,120,110.0,Completed,On time,4.0
SR-00783,2025-12-26,Central,Waste,Mobile app,Routine,48,47.0,Completed,On time,3.0
SR-01392,2025-12-26,West,Lighting,Mobile app,Routine,72,220.2,Completed,Late,3.0
SR-01425,2025-12-26,Central,Waste,Walk-in,Routine,48,72.6,Completed,Late,3.0
SR-01839,2025-12-26,East,Water,Web,Routine,36,30.9,Completed,On time,5.0
SR-02190,2025-12-26,North,Waste,Mobile app,Routine,48,32.3,Completed,On time,4.0
SR-00187,2025-12-27,Central,Roads,Web,Urgent,120,107.4,Completed,On time,4.0
SR-00247,2025-12-27,Central,Roads,Mobile app,Routine,120,180.2,Completed,Late,3.0
SR-00359,2025-12-27,West,Water,Web,Routine,36,26.3,Completed,On time,5.0
SR-00561,2025-12-27,South,Roads,Phone,Urgent,120,229.5,Completed,Late,2.0
SR-00577,2025-12-27,North,Lighting,Walk-in,Critical,72,33.2,Completed,On time,4.0
SR-00622,2025-12-27,West,Roads,Web,Urgent,120,95.1,Completed,On time,4.0
SR-00878,2025-12-27,Central,Water,Mobile app,Routine,36,,Open,Open,
SR-01047,2025-12-27,Central,Lighting,Phone,Routine,72,43.0,Completed,On time,4.0
SR-01098,2025-12-27,South,Waste,Web,Routine,48,47.0,Completed,On time,4.0
SR-01107,2025-12-27,North,Waste,Phone,Routine,48,39.1,Completed,On time,4.0
SR-01489,2025-12-27,Central,Roads,Mobile app,Routine,120,135.1,Completed,Late,4.0
SR-02115,2025-12-27,South,Roads,Mobile app,Critical,120,36.8,Completed,On time,4.0
SR-02139,2025-12-27,South,Lighting,Mobile app,Routine,72,,Open,Open,
SR-02331,2025-12-27,East,Waste,Mobile app,Routine,48,,Open,Open,
SR-02348,2025-12-27,South,Waste,Mobile app,Urgent,48,51.7,Completed,Late,2.0
SR-00375,2025-12-28,Central,Lighting,Mobile app,Routine,72,36.9,Completed,On time,5.0
SR-00937,2025-12-28,West,Waste,Web,Routine,48,40.0,Completed,On time,5.0
SR-01448,2025-12-28,Central,Water,Phone,Urgent,36,23.0,Completed,On time,5.0
SR-01516,2025-12-28,Central,Waste,Web,Routine,48,23.3,Completed,On time,4.0
SR-01614,2025-12-28,South,Roads,Web,Urgent,120,119.8,Completed,On time,4.0
SR-02066,2025-12-28,North,Lighting,Web,Urgent,72,,Open,Open,
SR-00228,2025-12-29,West,Water,Web,Routine,36,56.1,Completed,Late,3.0
SR-00536,2025-12-29,North,Waste,Mobile app,Routine,48,11.6,Completed,On time,5.0
SR-00806,2025-12-29,Central,Waste,Walk-in,Routine,48,13.9,Completed,On time,5.0
SR-01094,2025-12-29,North,Waste,Web,Routine,48,27.0,Completed,On time,5.0
SR-01502,2025-12-29,East,Waste,Phone,Urgent,48,25.1,Completed,On time,4.0
SR-01554,2025-12-29,North,Waste,Phone,Routine,48,72.8,Completed,Late,3.0
SR-00574,2025-12-30,Central,Waste,Mobile app,Routine,48,33.4,Completed,On time,5.0
SR-01385,2025-12-30,South,Roads,Phone,Urgent,120,85.0,Completed,On time,5.0
SR-00012,2025-12-31,East,Lighting,Web,Routine,72,31.9,Completed,On time,4.0
SR-01463,2025-12-31,West,Roads,Mobile app,Routine,120,134.1,Completed,Late,3.0
SR-01753,2025-12-31,South,Roads,Web,Urgent,120,152.3,Completed,Late,3.0
SR-01876,2025-12-31,West,Roads,Phone,Urgent,120,87.6,Completed,On time,4.0
